File,LOC,SLOC-P,SLOC-L,MVG,BLOC,C&SLOC,CLOC,CWORD,HCLOC,HCWORD
D:\Arquivos Jane\Dropbox\facom\TCC_MAPE_Android\EShop\app\src\main\java\android\core\AndroidM.java,38,10,7,0,10,0,18,61,0,0
D:\Arquivos Jane\Dropbox\facom\TCC_MAPE_Android\EShop\app\src\main\java\android\core\AndroidMFactory.java,19,11,8,2,3,0,5,15,0,0
D:\Arquivos Jane\Dropbox\facom\TCC_MAPE_Android\EShop\app\src\main\java\android\core\CarrinhoAdapter.java,145,116,81,15,26,1,3,13,0,0
D:\Arquivos Jane\Dropbox\facom\TCC_MAPE_Android\EShop\app\src\main\java\android\core\ProdutoAdapter.java,87,64,50,6,20,0,3,8,0,0
D:\Arquivos Jane\Dropbox\facom\TCC_MAPE_Android\EShop\app\src\main\java\android\impl\ComponentFactory.java,22,13,9,2,4,0,5,15,0,0
D:\Arquivos Jane\Dropbox\facom\TCC_MAPE_Android\EShop\app\src\main\java\android\impl\IGUIManagerFacade.java,36,14,12,0,8,0,14,54,0,0
D:\Arquivos Jane\Dropbox\facom\TCC_MAPE_Android\EShop\app\src\main\java\android\impl\IInterfaceTags.java,15,5,4,0,3,0,7,17,0,0
D:\Arquivos Jane\Dropbox\facom\TCC_MAPE_Android\EShop\app\src\main\java\android\impl\Manager.java,99,64,47,9,27,0,8,18,0,0
D:\Arquivos Jane\Dropbox\facom\TCC_MAPE_Android\EShop\app\src\main\java\android\prov\IGUIManager.java,18,3,2,0,3,0,12,65,0,0
D:\Arquivos Jane\Dropbox\facom\TCC_MAPE_Android\EShop\app\src\main\java\android\prov\IManager.java,29,11,10,0,10,7,8,55,0,0
D:\Arquivos Jane\Dropbox\facom\TCC_MAPE_Android\EShop\app\src\main\java\bankInvoice\core\BankInvoiceM.java,47,16,12,1,13,0,18,61,0,0
D:\Arquivos Jane\Dropbox\facom\TCC_MAPE_Android\EShop\app\src\main\java\bankInvoice\core\BankInvoiceMFactory.java,18,10,7,2,3,0,5,15,0,0
D:\Arquivos Jane\Dropbox\facom\TCC_MAPE_Android\EShop\app\src\main\java\bankInvoice\impl\ComponentFactory.java,21,12,8,2,4,0,5,15,0,0
D:\Arquivos Jane\Dropbox\facom\TCC_MAPE_Android\EShop\app\src\main\java\bankInvoice\impl\IBankInvoiceManagerFacade.java,40,16,13,1,9,0,15,54,0,0
D:\Arquivos Jane\Dropbox\facom\TCC_MAPE_Android\EShop\app\src\main\java\bankInvoice\impl\IInterfaceTags.java,15,5,4,0,3,0,7,17,0,0
D:\Arquivos Jane\Dropbox\facom\TCC_MAPE_Android\EShop\app\src\main\java\bankInvoice\impl\Manager.java,99,64,47,9,27,0,8,18,0,0
D:\Arquivos Jane\Dropbox\facom\TCC_MAPE_Android\EShop\app\src\main\java\bankInvoice\prov\IBankInvoiceManager.java,18,4,3,0,2,0,12,65,0,0
D:\Arquivos Jane\Dropbox\facom\TCC_MAPE_Android\EShop\app\src\main\java\bankInvoice\prov\IManager.java,29,11,10,0,10,7,8,55,0,0
D:\Arquivos Jane\Dropbox\facom\TCC_MAPE_Android\EShop\app\src\main\java\bankTransfer\core\BankTransferM.java,51,20,12,1,13,0,18,61,0,0
D:\Arquivos Jane\Dropbox\facom\TCC_MAPE_Android\EShop\app\src\main\java\bankTransfer\core\BankTransferMFactory.java,18,10,7,2,3,0,5,15,0,0
D:\Arquivos Jane\Dropbox\facom\TCC_MAPE_Android\EShop\app\src\main\java\bankTransfer\impl\ComponentFactory.java,21,12,8,2,4,0,5,15,0,0
D:\Arquivos Jane\Dropbox\facom\TCC_MAPE_Android\EShop\app\src\main\java\bankTransfer\impl\IBankTransferManagerFacade.java,40,16,13,1,10,0,14,54,0,0
D:\Arquivos Jane\Dropbox\facom\TCC_MAPE_Android\EShop\app\src\main\java\bankTransfer\impl\IInterfaceTags.java,15,5,4,0,3,0,7,17,0,0
D:\Arquivos Jane\Dropbox\facom\TCC_MAPE_Android\EShop\app\src\main\java\bankTransfer\impl\Manager.java,99,64,47,9,27,0,8,18,0,0
D:\Arquivos Jane\Dropbox\facom\TCC_MAPE_Android\EShop\app\src\main\java\bankTransfer\prov\IBankTransferManager.java,18,4,3,0,2,0,12,65,0,0
D:\Arquivos Jane\Dropbox\facom\TCC_MAPE_Android\EShop\app\src\main\java\bankTransfer\prov\IManager.java,29,11,10,0,10,7,8,55,0,0
D:\Arquivos Jane\Dropbox\facom\TCC_MAPE_Android\EShop\app\src\main\java\catalogue\core\CatalogueM.java,109,15,11,1,15,0,79,235,0,0
D:\Arquivos Jane\Dropbox\facom\TCC_MAPE_Android\EShop\app\src\main\java\catalogue\core\CatalogueMFactory.java,18,10,7,2,3,0,5,15,0,0
D:\Arquivos Jane\Dropbox\facom\TCC_MAPE_Android\EShop\app\src\main\java\catalogue\impl\ComponentFactory.java,21,12,8,2,4,0,5,15,0,0
D:\Arquivos Jane\Dropbox\facom\TCC_MAPE_Android\EShop\app\src\main\java\catalogue\impl\ICatalogueManagerFacade.java,44,17,14,1,9,0,18,63,0,0
D:\Arquivos Jane\Dropbox\facom\TCC_MAPE_Android\EShop\app\src\main\java\catalogue\impl\IInterfaceTags.java,15,5,4,0,3,0,7,17,0,0
D:\Arquivos Jane\Dropbox\facom\TCC_MAPE_Android\EShop\app\src\main\java\catalogue\impl\Manager.java,99,64,47,9,27,0,8,18,0,0
D:\Arquivos Jane\Dropbox\facom\TCC_MAPE_Android\EShop\app\src\main\java\catalogue\prov\ICatalogueManager.java,25,5,4,0,6,0,14,70,0,0
D:\Arquivos Jane\Dropbox\facom\TCC_MAPE_Android\EShop\app\src\main\java\catalogue\prov\IManager.java,29,11,10,0,10,7,8,55,0,0
D:\Arquivos Jane\Dropbox\facom\TCC_MAPE_Android\EShop\app\src\main\java\conn_Android_Controller\impl\Adapter.java,35,9,6,0,7,0,19,58,0,0
D:\Arquivos Jane\Dropbox\facom\TCC_MAPE_Android\EShop\app\src\main\java\conn_Android_Controller\impl\ComponentFactory.java,21,12,8,2,4,0,5,15,0,0
D:\Arquivos Jane\Dropbox\facom\TCC_MAPE_Android\EShop\app\src\main\java\conn_Android_Controller\impl\IInterfaceTags.java,13,5,4,0,3,0,5,15,0,0
D:\Arquivos Jane\Dropbox\facom\TCC_MAPE_Android\EShop\app\src\main\java\conn_Android_Controller\impl\Manager.java,92,63,46,9,21,0,8,18,0,0
D:\Arquivos Jane\Dropbox\facom\TCC_MAPE_Android\EShop\app\src\main\java\conn_Android_Controller\prov\IManager.java,29,11,10,0,10,7,8,55,0,0
D:\Arquivos Jane\Dropbox\facom\TCC_MAPE_Android\EShop\app\src\main\java\conn_BankInvoice_Payment\impl\Adapter.java,39,14,9,1,6,0,19,58,0,0
D:\Arquivos Jane\Dropbox\facom\TCC_MAPE_Android\EShop\app\src\main\java\conn_BankInvoice_Payment\impl\ComponentFactory.java,21,12,8,2,4,0,5,15,0,0
D:\Arquivos Jane\Dropbox\facom\TCC_MAPE_Android\EShop\app\src\main\java\conn_BankInvoice_Payment\impl\IInterfaceTags.java,13,5,4,0,3,0,5,15,0,0
D:\Arquivos Jane\Dropbox\facom\TCC_MAPE_Android\EShop\app\src\main\java\conn_BankInvoice_Payment\impl\Manager.java,93,64,47,9,21,0,8,18,0,0
D:\Arquivos Jane\Dropbox\facom\TCC_MAPE_Android\EShop\app\src\main\java\conn_BankInvoice_Payment\prov\IManager.java,29,11,10,0,10,7,8,55,0,0
D:\Arquivos Jane\Dropbox\facom\TCC_MAPE_Android\EShop\app\src\main\java\conn_BankTransfer_Payment\impl\Adapter.java,40,14,9,1,7,0,19,58,0,0
D:\Arquivos Jane\Dropbox\facom\TCC_MAPE_Android\EShop\app\src\main\java\conn_BankTransfer_Payment\impl\ComponentFactory.java,21,12,8,2,4,0,5,15,0,0
D:\Arquivos Jane\Dropbox\facom\TCC_MAPE_Android\EShop\app\src\main\java\conn_BankTransfer_Payment\impl\IInterfaceTags.java,13,5,4,0,3,0,5,15,0,0
D:\Arquivos Jane\Dropbox\facom\TCC_MAPE_Android\EShop\app\src\main\java\conn_BankTransfer_Payment\impl\Manager.java,93,64,47,9,21,0,8,18,0,0
D:\Arquivos Jane\Dropbox\facom\TCC_MAPE_Android\EShop\app\src\main\java\conn_BankTransfer_Payment\prov\IManager.java,29,11,10,0,10,7,8,55,0,0
D:\Arquivos Jane\Dropbox\facom\TCC_MAPE_Android\EShop\app\src\main\java\conn_Catalogue_Controller\impl\Adapter.java,48,15,10,1,8,0,25,72,0,0
D:\Arquivos Jane\Dropbox\facom\TCC_MAPE_Android\EShop\app\src\main\java\conn_Catalogue_Controller\impl\ComponentFactory.java,21,12,8,2,4,0,5,15,0,0
D:\Arquivos Jane\Dropbox\facom\TCC_MAPE_Android\EShop\app\src\main\java\conn_Catalogue_Controller\impl\IInterfaceTags.java,13,5,4,0,3,0,5,15,0,0
D:\Arquivos Jane\Dropbox\facom\TCC_MAPE_Android\EShop\app\src\main\java\conn_Catalogue_Controller\impl\Manager.java,93,64,47,9,21,0,8,18,0,0
D:\Arquivos Jane\Dropbox\facom\TCC_MAPE_Android\EShop\app\src\main\java\conn_Catalogue_Controller\prov\IManager.java,29,11,10,0,10,7,8,55,0,0
D:\Arquivos Jane\Dropbox\facom\TCC_MAPE_Android\EShop\app\src\main\java\conn_CreditCard_Payment\impl\Adapter.java,56,29,18,4,8,0,19,58,0,0
D:\Arquivos Jane\Dropbox\facom\TCC_MAPE_Android\EShop\app\src\main\java\conn_CreditCard_Payment\impl\ComponentFactory.java,21,12,8,2,4,0,5,15,0,0
D:\Arquivos Jane\Dropbox\facom\TCC_MAPE_Android\EShop\app\src\main\java\conn_CreditCard_Payment\impl\IInterfaceTags.java,13,5,4,0,3,0,5,15,0,0
D:\Arquivos Jane\Dropbox\facom\TCC_MAPE_Android\EShop\app\src\main\java\conn_CreditCard_Payment\impl\Manager.java,93,64,47,9,21,0,8,18,0,0
D:\Arquivos Jane\Dropbox\facom\TCC_MAPE_Android\EShop\app\src\main\java\conn_CreditCard_Payment\prov\IManager.java,29,11,10,0,10,7,8,55,0,0
D:\Arquivos Jane\Dropbox\facom\TCC_MAPE_Android\EShop\app\src\main\java\conn_Java_Controller\impl\Adapter.java,35,9,6,0,7,0,19,58,0,0
D:\Arquivos Jane\Dropbox\facom\TCC_MAPE_Android\EShop\app\src\main\java\conn_Java_Controller\impl\ComponentFactory.java,21,12,8,2,4,0,5,15,0,0
D:\Arquivos Jane\Dropbox\facom\TCC_MAPE_Android\EShop\app\src\main\java\conn_Java_Controller\impl\IInterfaceTags.java,13,5,4,0,3,0,5,15,0,0
D:\Arquivos Jane\Dropbox\facom\TCC_MAPE_Android\EShop\app\src\main\java\conn_Java_Controller\impl\Manager.java,93,64,47,9,21,0,8,18,0,0
D:\Arquivos Jane\Dropbox\facom\TCC_MAPE_Android\EShop\app\src\main\java\conn_Java_Controller\prov\IManager.java,29,11,10,0,10,7,8,55,0,0
D:\Arquivos Jane\Dropbox\facom\TCC_MAPE_Android\EShop\app\src\main\java\conn_MasterCardA_CreditCard\impl\Adapter.java,43,19,12,2,7,0,17,51,0,0
D:\Arquivos Jane\Dropbox\facom\TCC_MAPE_Android\EShop\app\src\main\java\conn_MasterCardA_CreditCard\impl\ComponentFactory.java,21,12,8,2,4,0,5,15,0,0
D:\Arquivos Jane\Dropbox\facom\TCC_MAPE_Android\EShop\app\src\main\java\conn_MasterCardA_CreditCard\impl\IInterfaceTags.java,13,5,4,0,3,0,5,15,0,0
D:\Arquivos Jane\Dropbox\facom\TCC_MAPE_Android\EShop\app\src\main\java\conn_MasterCardA_CreditCard\impl\Manager.java,93,64,47,9,21,0,8,18,0,0
D:\Arquivos Jane\Dropbox\facom\TCC_MAPE_Android\EShop\app\src\main\java\conn_MasterCardA_CreditCard\prov\IManager.java,29,11,10,0,10,7,8,55,0,0
D:\Arquivos Jane\Dropbox\facom\TCC_MAPE_Android\EShop\app\src\main\java\conn_MasterCardA_MasterCardASensor\impl\Adapter.java,45,19,12,2,7,0,19,58,0,0
D:\Arquivos Jane\Dropbox\facom\TCC_MAPE_Android\EShop\app\src\main\java\conn_MasterCardA_MasterCardASensor\impl\ComponentFactory.java,21,12,8,2,4,0,5,15,0,0
D:\Arquivos Jane\Dropbox\facom\TCC_MAPE_Android\EShop\app\src\main\java\conn_MasterCardA_MasterCardASensor\impl\IInterfaceTags.java,13,5,4,0,3,0,5,15,0,0
D:\Arquivos Jane\Dropbox\facom\TCC_MAPE_Android\EShop\app\src\main\java\conn_MasterCardA_MasterCardASensor\impl\Manager.java,93,64,47,9,21,0,8,18,0,0
D:\Arquivos Jane\Dropbox\facom\TCC_MAPE_Android\EShop\app\src\main\java\conn_MasterCardA_MasterCardASensor\prov\IManager.java,29,11,10,0,10,7,8,55,0,0
D:\Arquivos Jane\Dropbox\facom\TCC_MAPE_Android\EShop\app\src\main\java\conn_MasterCardB_CreditCard\impl\Adapter.java,44,19,12,2,6,0,19,62,0,0
D:\Arquivos Jane\Dropbox\facom\TCC_MAPE_Android\EShop\app\src\main\java\conn_MasterCardB_CreditCard\impl\ComponentFactory.java,21,12,8,2,4,0,5,15,0,0
D:\Arquivos Jane\Dropbox\facom\TCC_MAPE_Android\EShop\app\src\main\java\conn_MasterCardB_CreditCard\impl\IInterfaceTags.java,13,5,4,0,3,0,5,15,0,0
D:\Arquivos Jane\Dropbox\facom\TCC_MAPE_Android\EShop\app\src\main\java\conn_MasterCardB_CreditCard\impl\Manager.java,93,64,47,9,21,0,8,18,0,0
D:\Arquivos Jane\Dropbox\facom\TCC_MAPE_Android\EShop\app\src\main\java\conn_MasterCardB_CreditCard\prov\IManager.java,29,11,10,0,10,7,8,55,0,0
D:\Arquivos Jane\Dropbox\facom\TCC_MAPE_Android\EShop\app\src\main\java\conn_MasterCardB_MasterCardBSensor\impl\Adapter.java,43,19,12,2,7,0,17,51,0,0
D:\Arquivos Jane\Dropbox\facom\TCC_MAPE_Android\EShop\app\src\main\java\conn_MasterCardB_MasterCardBSensor\impl\ComponentFactory.java,21,12,8,2,4,0,5,15,0,0
D:\Arquivos Jane\Dropbox\facom\TCC_MAPE_Android\EShop\app\src\main\java\conn_MasterCardB_MasterCardBSensor\impl\IInterfaceTags.java,13,5,4,0,3,0,5,15,0,0
D:\Arquivos Jane\Dropbox\facom\TCC_MAPE_Android\EShop\app\src\main\java\conn_MasterCardB_MasterCardBSensor\impl\Manager.java,93,64,47,9,21,0,8,18,0,0
D:\Arquivos Jane\Dropbox\facom\TCC_MAPE_Android\EShop\app\src\main\java\conn_MasterCardB_MasterCardBSensor\prov\IManager.java,29,11,10,0,10,7,8,55,0,0
D:\Arquivos Jane\Dropbox\facom\TCC_MAPE_Android\EShop\app\src\main\java\conn_MoneyPayment_Payment\impl\Adapter.java,43,19,12,2,5,0,19,58,0,0
D:\Arquivos Jane\Dropbox\facom\TCC_MAPE_Android\EShop\app\src\main\java\conn_MoneyPayment_Payment\impl\ComponentFactory.java,21,12,8,2,4,0,5,15,0,0
D:\Arquivos Jane\Dropbox\facom\TCC_MAPE_Android\EShop\app\src\main\java\conn_MoneyPayment_Payment\impl\IInterfaceTags.java,13,5,4,0,3,0,5,15,0,0
D:\Arquivos Jane\Dropbox\facom\TCC_MAPE_Android\EShop\app\src\main\java\conn_MoneyPayment_Payment\impl\Manager.java,93,64,47,9,21,0,8,18,0,0
D:\Arquivos Jane\Dropbox\facom\TCC_MAPE_Android\EShop\app\src\main\java\conn_MoneyPayment_Payment\prov\IManager.java,29,11,10,0,10,7,8,55,0,0
D:\Arquivos Jane\Dropbox\facom\TCC_MAPE_Android\EShop\app\src\main\java\conn_Payment_Controller\impl\Adapter.java,69,44,27,7,6,0,19,58,0,0
D:\Arquivos Jane\Dropbox\facom\TCC_MAPE_Android\EShop\app\src\main\java\conn_Payment_Controller\impl\ComponentFactory.java,21,12,8,2,4,0,5,15,0,0
D:\Arquivos Jane\Dropbox\facom\TCC_MAPE_Android\EShop\app\src\main\java\conn_Payment_Controller\impl\IInterfaceTags.java,13,5,4,0,3,0,5,15,0,0
D:\Arquivos Jane\Dropbox\facom\TCC_MAPE_Android\EShop\app\src\main\java\conn_Payment_Controller\impl\Manager.java,93,64,47,9,21,0,8,18,0,0
D:\Arquivos Jane\Dropbox\facom\TCC_MAPE_Android\EShop\app\src\main\java\conn_Payment_Controller\prov\IManager.java,29,11,10,0,10,7,8,55,0,0
D:\Arquivos Jane\Dropbox\facom\TCC_MAPE_Android\EShop\app\src\main\java\conn_sensors_MasterCardASensor\impl\Adapter.java,35,21,12,2,6,0,8,39,0,0
D:\Arquivos Jane\Dropbox\facom\TCC_MAPE_Android\EShop\app\src\main\java\conn_sensors_MasterCardASensor\impl\ComponentFactory.java,21,12,8,2,4,0,5,15,0,0
D:\Arquivos Jane\Dropbox\facom\TCC_MAPE_Android\EShop\app\src\main\java\conn_sensors_MasterCardASensor\impl\IInterfaceTags.java,16,5,4,0,3,0,8,39,0,0
D:\Arquivos Jane\Dropbox\facom\TCC_MAPE_Android\EShop\app\src\main\java\conn_sensors_MasterCardASensor\impl\Manager.java,96,64,47,9,21,0,11,42,0,0
D:\Arquivos Jane\Dropbox\facom\TCC_MAPE_Android\EShop\app\src\main\java\conn_sensors_MasterCardASensor\prov\IManager.java,29,11,10,0,10,7,8,55,0,0
D:\Arquivos Jane\Dropbox\facom\TCC_MAPE_Android\EShop\app\src\main\java\conn_sensors_MasterCardBSensor\impl\Adapter.java,35,21,12,2,6,0,8,39,0,0
D:\Arquivos Jane\Dropbox\facom\TCC_MAPE_Android\EShop\app\src\main\java\conn_sensors_MasterCardBSensor\impl\ComponentFactory.java,21,12,8,2,4,0,5,15,0,0
D:\Arquivos Jane\Dropbox\facom\TCC_MAPE_Android\EShop\app\src\main\java\conn_sensors_MasterCardBSensor\impl\IInterfaceTags.java,16,5,4,0,3,0,8,39,0,0
D:\Arquivos Jane\Dropbox\facom\TCC_MAPE_Android\EShop\app\src\main\java\conn_sensors_MasterCardBSensor\impl\Manager.java,96,64,47,9,21,0,11,42,0,0
D:\Arquivos Jane\Dropbox\facom\TCC_MAPE_Android\EShop\app\src\main\java\conn_sensors_MasterCardBSensor\prov\IManager.java,29,11,10,0,10,7,8,55,0,0
D:\Arquivos Jane\Dropbox\facom\TCC_MAPE_Android\EShop\app\src\main\java\conn_sensors_VisaASensor\impl\Adapter.java,35,21,12,2,6,0,8,39,0,0
D:\Arquivos Jane\Dropbox\facom\TCC_MAPE_Android\EShop\app\src\main\java\conn_sensors_VisaASensor\impl\ComponentFactory.java,21,12,8,2,4,0,5,15,0,0
D:\Arquivos Jane\Dropbox\facom\TCC_MAPE_Android\EShop\app\src\main\java\conn_sensors_VisaASensor\impl\IInterfaceTags.java,16,5,4,0,3,0,8,39,0,0
D:\Arquivos Jane\Dropbox\facom\TCC_MAPE_Android\EShop\app\src\main\java\conn_sensors_VisaASensor\impl\Manager.java,96,64,47,9,21,0,11,42,0,0
D:\Arquivos Jane\Dropbox\facom\TCC_MAPE_Android\EShop\app\src\main\java\conn_sensors_VisaASensor\prov\IManager.java,29,11,10,0,10,7,8,55,0,0
D:\Arquivos Jane\Dropbox\facom\TCC_MAPE_Android\EShop\app\src\main\java\conn_sensors_VisaBSensor\impl\Adapter.java,35,21,12,2,6,0,8,39,0,0
D:\Arquivos Jane\Dropbox\facom\TCC_MAPE_Android\EShop\app\src\main\java\conn_sensors_VisaBSensor\impl\ComponentFactory.java,21,12,8,2,4,0,5,15,0,0
D:\Arquivos Jane\Dropbox\facom\TCC_MAPE_Android\EShop\app\src\main\java\conn_sensors_VisaBSensor\impl\IInterfaceTags.java,16,5,4,0,3,0,8,39,0,0
D:\Arquivos Jane\Dropbox\facom\TCC_MAPE_Android\EShop\app\src\main\java\conn_sensors_VisaBSensor\impl\Manager.java,96,64,47,9,21,0,11,42,0,0
D:\Arquivos Jane\Dropbox\facom\TCC_MAPE_Android\EShop\app\src\main\java\conn_sensors_VisaBSensor\prov\IManager.java,29,11,10,0,10,7,8,55,0,0
D:\Arquivos Jane\Dropbox\facom\TCC_MAPE_Android\EShop\app\src\main\java\conn_sensors_VisaCSensor\impl\Adapter.java,35,21,12,2,6,0,8,39,0,0
D:\Arquivos Jane\Dropbox\facom\TCC_MAPE_Android\EShop\app\src\main\java\conn_sensors_VisaCSensor\impl\ComponentFactory.java,21,12,8,2,4,0,5,15,0,0
D:\Arquivos Jane\Dropbox\facom\TCC_MAPE_Android\EShop\app\src\main\java\conn_sensors_VisaCSensor\impl\IInterfaceTags.java,16,5,4,0,3,0,8,39,0,0
D:\Arquivos Jane\Dropbox\facom\TCC_MAPE_Android\EShop\app\src\main\java\conn_sensors_VisaCSensor\impl\Manager.java,96,64,47,9,21,0,11,42,0,0
D:\Arquivos Jane\Dropbox\facom\TCC_MAPE_Android\EShop\app\src\main\java\conn_sensors_VisaCSensor\prov\IManager.java,29,11,10,0,10,7,8,55,0,0
D:\Arquivos Jane\Dropbox\facom\TCC_MAPE_Android\EShop\app\src\main\java\conn_VisaA_CreditCard\impl\Adapter.java,43,19,12,2,7,0,17,51,0,0
D:\Arquivos Jane\Dropbox\facom\TCC_MAPE_Android\EShop\app\src\main\java\conn_VisaA_CreditCard\impl\ComponentFactory.java,21,12,8,2,4,0,5,15,0,0
D:\Arquivos Jane\Dropbox\facom\TCC_MAPE_Android\EShop\app\src\main\java\conn_VisaA_CreditCard\impl\IInterfaceTags.java,13,5,4,0,3,0,5,15,0,0
D:\Arquivos Jane\Dropbox\facom\TCC_MAPE_Android\EShop\app\src\main\java\conn_VisaA_CreditCard\impl\Manager.java,93,64,47,9,21,0,8,18,0,0
D:\Arquivos Jane\Dropbox\facom\TCC_MAPE_Android\EShop\app\src\main\java\conn_VisaA_CreditCard\prov\IManager.java,29,11,10,0,10,7,8,55,0,0
D:\Arquivos Jane\Dropbox\facom\TCC_MAPE_Android\EShop\app\src\main\java\conn_VisaA_VisaASensor\impl\Adapter.java,43,19,12,2,5,0,19,58,0,0
D:\Arquivos Jane\Dropbox\facom\TCC_MAPE_Android\EShop\app\src\main\java\conn_VisaA_VisaASensor\impl\ComponentFactory.java,21,12,8,2,4,0,5,15,0,0
D:\Arquivos Jane\Dropbox\facom\TCC_MAPE_Android\EShop\app\src\main\java\conn_VisaA_VisaASensor\impl\IInterfaceTags.java,13,5,4,0,3,0,5,15,0,0
D:\Arquivos Jane\Dropbox\facom\TCC_MAPE_Android\EShop\app\src\main\java\conn_VisaA_VisaASensor\impl\Manager.java,93,64,47,9,21,0,8,18,0,0
D:\Arquivos Jane\Dropbox\facom\TCC_MAPE_Android\EShop\app\src\main\java\conn_VisaA_VisaASensor\prov\IManager.java,29,11,10,0,10,7,8,55,0,0
D:\Arquivos Jane\Dropbox\facom\TCC_MAPE_Android\EShop\app\src\main\java\conn_VisaB_CreditCard\impl\Adapter.java,44,19,12,2,6,0,19,58,0,0
D:\Arquivos Jane\Dropbox\facom\TCC_MAPE_Android\EShop\app\src\main\java\conn_VisaB_CreditCard\impl\ComponentFactory.java,21,12,8,2,4,0,5,15,0,0
D:\Arquivos Jane\Dropbox\facom\TCC_MAPE_Android\EShop\app\src\main\java\conn_VisaB_CreditCard\impl\IInterfaceTags.java,13,5,4,0,3,0,5,15,0,0
D:\Arquivos Jane\Dropbox\facom\TCC_MAPE_Android\EShop\app\src\main\java\conn_VisaB_CreditCard\impl\Manager.java,93,64,47,9,21,0,8,18,0,0
D:\Arquivos Jane\Dropbox\facom\TCC_MAPE_Android\EShop\app\src\main\java\conn_VisaB_CreditCard\prov\IManager.java,29,11,10,0,10,7,8,55,0,0
D:\Arquivos Jane\Dropbox\facom\TCC_MAPE_Android\EShop\app\src\main\java\conn_VisaB_VisaBSensor\impl\Adapter.java,44,19,12,2,6,0,19,58,0,0
D:\Arquivos Jane\Dropbox\facom\TCC_MAPE_Android\EShop\app\src\main\java\conn_VisaB_VisaBSensor\impl\ComponentFactory.java,21,12,8,2,4,0,5,15,0,0
D:\Arquivos Jane\Dropbox\facom\TCC_MAPE_Android\EShop\app\src\main\java\conn_VisaB_VisaBSensor\impl\IInterfaceTags.java,13,5,4,0,3,0,5,15,0,0
D:\Arquivos Jane\Dropbox\facom\TCC_MAPE_Android\EShop\app\src\main\java\conn_VisaB_VisaBSensor\impl\Manager.java,93,64,47,9,21,0,8,18,0,0
D:\Arquivos Jane\Dropbox\facom\TCC_MAPE_Android\EShop\app\src\main\java\conn_VisaB_VisaBSensor\prov\IManager.java,29,11,10,0,10,7,8,55,0,0
D:\Arquivos Jane\Dropbox\facom\TCC_MAPE_Android\EShop\app\src\main\java\conn_VisaC_CreditCard\impl\Adapter.java,44,19,12,2,6,0,19,58,0,0
D:\Arquivos Jane\Dropbox\facom\TCC_MAPE_Android\EShop\app\src\main\java\conn_VisaC_CreditCard\impl\ComponentFactory.java,21,12,8,2,4,0,5,15,0,0
D:\Arquivos Jane\Dropbox\facom\TCC_MAPE_Android\EShop\app\src\main\java\conn_VisaC_CreditCard\impl\IInterfaceTags.java,13,5,4,0,3,0,5,15,0,0
D:\Arquivos Jane\Dropbox\facom\TCC_MAPE_Android\EShop\app\src\main\java\conn_VisaC_CreditCard\impl\Manager.java,93,64,47,9,21,0,8,18,0,0
D:\Arquivos Jane\Dropbox\facom\TCC_MAPE_Android\EShop\app\src\main\java\conn_VisaC_CreditCard\prov\IManager.java,29,11,10,0,10,7,8,55,0,0
D:\Arquivos Jane\Dropbox\facom\TCC_MAPE_Android\EShop\app\src\main\java\conn_VisaC_VisaCSensor\impl\Adapter.java,44,19,12,2,6,0,19,58,0,0
D:\Arquivos Jane\Dropbox\facom\TCC_MAPE_Android\EShop\app\src\main\java\conn_VisaC_VisaCSensor\impl\ComponentFactory.java,21,12,8,2,4,0,5,15,0,0
D:\Arquivos Jane\Dropbox\facom\TCC_MAPE_Android\EShop\app\src\main\java\conn_VisaC_VisaCSensor\impl\IInterfaceTags.java,13,5,4,0,3,0,5,15,0,0
D:\Arquivos Jane\Dropbox\facom\TCC_MAPE_Android\EShop\app\src\main\java\conn_VisaC_VisaCSensor\impl\Manager.java,93,64,47,9,21,0,8,18,0,0
D:\Arquivos Jane\Dropbox\facom\TCC_MAPE_Android\EShop\app\src\main\java\conn_VisaC_VisaCSensor\prov\IManager.java,29,11,10,0,10,7,8,55,0,0
D:\Arquivos Jane\Dropbox\facom\TCC_MAPE_Android\EShop\app\src\main\java\controller\core\ControllerM.java,93,55,41,8,15,0,23,71,0,0
D:\Arquivos Jane\Dropbox\facom\TCC_MAPE_Android\EShop\app\src\main\java\controller\core\ControllerMFactory.java,18,10,7,2,3,0,5,15,0,0
D:\Arquivos Jane\Dropbox\facom\TCC_MAPE_Android\EShop\app\src\main\java\controller\impl\ComponentFactory.java,21,12,8,2,4,0,5,15,0,0
D:\Arquivos Jane\Dropbox\facom\TCC_MAPE_Android\EShop\app\src\main\java\controller\impl\IControllerManagerFacade.java,66,38,28,8,10,0,18,63,0,0
D:\Arquivos Jane\Dropbox\facom\TCC_MAPE_Android\EShop\app\src\main\java\controller\impl\IInterfaceTags.java,18,8,7,0,3,0,7,17,0,0
D:\Arquivos Jane\Dropbox\facom\TCC_MAPE_Android\EShop\app\src\main\java\controller\impl\Manager.java,106,70,53,9,28,0,8,18,0,0
D:\Arquivos Jane\Dropbox\facom\TCC_MAPE_Android\EShop\app\src\main\java\controller\prov\IControllerManager.java,30,12,11,0,4,0,14,70,0,0
D:\Arquivos Jane\Dropbox\facom\TCC_MAPE_Android\EShop\app\src\main\java\controller\prov\IManager.java,29,11,10,0,10,7,8,55,0,0
D:\Arquivos Jane\Dropbox\facom\TCC_MAPE_Android\EShop\app\src\main\java\controller\req\ICatalogueManager.java,25,5,4,0,6,0,14,71,0,0
D:\Arquivos Jane\Dropbox\facom\TCC_MAPE_Android\EShop\app\src\main\java\controller\req\IGUIManager.java,19,3,2,0,4,0,12,66,0,0
D:\Arquivos Jane\Dropbox\facom\TCC_MAPE_Android\EShop\app\src\main\java\controller\req\IPaymentManager.java,25,10,9,0,3,0,12,66,0,0
D:\Arquivos Jane\Dropbox\facom\TCC_MAPE_Android\EShop\app\src\main\java\cosmapek\analyzer\core\Analyzer.java,78,58,44,12,16,2,4,20,0,0
D:\Arquivos Jane\Dropbox\facom\TCC_MAPE_Android\EShop\app\src\main\java\cosmapek\analyzer\core\AnalyzerFactory.java,17,10,7,2,4,0,3,8,0,0
D:\Arquivos Jane\Dropbox\facom\TCC_MAPE_Android\EShop\app\src\main\java\cosmapek\analyzer\core\IInterfaceTags.java,7,4,3,0,2,0,1,1,0,0
D:\Arquivos Jane\Dropbox\facom\TCC_MAPE_Android\EShop\app\src\main\java\cosmapek\analyzer\impl\ComponentFactory.java,20,12,8,2,5,0,3,8,0,0
D:\Arquivos Jane\Dropbox\facom\TCC_MAPE_Android\EShop\app\src\main\java\cosmapek\analyzer\impl\IAnalysisManagerFacade.java,41,28,20,3,10,0,3,8,0,0
D:\Arquivos Jane\Dropbox\facom\TCC_MAPE_Android\EShop\app\src\main\java\cosmapek\analyzer\impl\IInterfaceTags.java,12,6,5,0,4,0,2,2,0,0
D:\Arquivos Jane\Dropbox\facom\TCC_MAPE_Android\EShop\app\src\main\java\cosmapek\analyzer\impl\Manager.java,93,65,48,9,22,0,6,11,0,0
D:\Arquivos Jane\Dropbox\facom\TCC_MAPE_Android\EShop\app\src\main\java\cosmapek\analyzer\prov\IAnalysisManager.java,18,8,7,0,7,0,3,7,0,0
D:\Arquivos Jane\Dropbox\facom\TCC_MAPE_Android\EShop\app\src\main\java\cosmapek\analyzer\prov\IManager.java,29,11,10,0,10,7,8,56,0,0
D:\Arquivos Jane\Dropbox\facom\TCC_MAPE_Android\EShop\app\src\main\java\cosmapek\analyzer\req\ISensorManager.java,13,7,6,0,6,0,0,0,0,0
D:\Arquivos Jane\Dropbox\facom\TCC_MAPE_Android\EShop\app\src\main\java\cosmapek\components\core\Component.java,51,38,30,9,9,0,4,17,0,0
D:\Arquivos Jane\Dropbox\facom\TCC_MAPE_Android\EShop\app\src\main\java\cosmapek\components\core\ComponentM.java,65,48,35,9,14,2,3,13,0,0
D:\Arquivos Jane\Dropbox\facom\TCC_MAPE_Android\EShop\app\src\main\java\cosmapek\components\core\ComponentMFactory.java,17,10,7,2,4,0,3,8,0,0
D:\Arquivos Jane\Dropbox\facom\TCC_MAPE_Android\EShop\app\src\main\java\cosmapek\components\core\Components.java,71,40,30,4,12,0,19,51,0,0
D:\Arquivos Jane\Dropbox\facom\TCC_MAPE_Android\EShop\app\src\main\java\cosmapek\components\impl\ComponentFactory.java,20,12,8,2,5,0,3,8,0,0
D:\Arquivos Jane\Dropbox\facom\TCC_MAPE_Android\EShop\app\src\main\java\cosmapek\components\impl\IComponentManagerFacade.java,49,35,26,3,11,0,3,8,0,0
D:\Arquivos Jane\Dropbox\facom\TCC_MAPE_Android\EShop\app\src\main\java\cosmapek\components\impl\IInterfaceTags.java,11,5,4,0,4,0,2,2,0,0
D:\Arquivos Jane\Dropbox\facom\TCC_MAPE_Android\EShop\app\src\main\java\cosmapek\components\impl\Manager.java,92,63,46,9,22,0,7,13,0,0
D:\Arquivos Jane\Dropbox\facom\TCC_MAPE_Android\EShop\app\src\main\java\cosmapek\components\prov\IComponentManager.java,23,12,11,0,11,0,0,0,0,0
D:\Arquivos Jane\Dropbox\facom\TCC_MAPE_Android\EShop\app\src\main\java\cosmapek\components\prov\IManager.java,26,11,10,0,10,7,5,49,0,0
D:\Arquivos Jane\Dropbox\facom\TCC_MAPE_Android\EShop\app\src\main\java\cosmapek\connectors\core\Connector.java,52,39,30,10,9,0,4,17,0,0
D:\Arquivos Jane\Dropbox\facom\TCC_MAPE_Android\EShop\app\src\main\java\cosmapek\connectors\core\ConnectorM.java,117,95,72,18,17,2,5,22,0,0
D:\Arquivos Jane\Dropbox\facom\TCC_MAPE_Android\EShop\app\src\main\java\cosmapek\connectors\core\ConnectorMFactory.java,17,10,7,2,4,0,3,8,0,0
D:\Arquivos Jane\Dropbox\facom\TCC_MAPE_Android\EShop\app\src\main\java\cosmapek\connectors\core\Connectors.java,73,40,30,4,14,0,19,51,0,0
D:\Arquivos Jane\Dropbox\facom\TCC_MAPE_Android\EShop\app\src\main\java\cosmapek\connectors\impl\ComponentFactory.java,20,12,8,2,5,0,3,8,0,0
D:\Arquivos Jane\Dropbox\facom\TCC_MAPE_Android\EShop\app\src\main\java\cosmapek\connectors\impl\IConnectorManagerFacade.java,53,38,28,4,12,0,3,8,0,0
D:\Arquivos Jane\Dropbox\facom\TCC_MAPE_Android\EShop\app\src\main\java\cosmapek\connectors\impl\IInterfaceTags.java,14,7,6,0,4,0,3,8,0,0
D:\Arquivos Jane\Dropbox\facom\TCC_MAPE_Android\EShop\app\src\main\java\cosmapek\connectors\impl\Manager.java,96,67,50,9,23,0,6,11,0,0
D:\Arquivos Jane\Dropbox\facom\TCC_MAPE_Android\EShop\app\src\main\java\cosmapek\connectors\prov\IConnectorManager.java,24,13,12,0,11,0,0,0,0,0
D:\Arquivos Jane\Dropbox\facom\TCC_MAPE_Android\EShop\app\src\main\java\cosmapek\connectors\prov\IManager.java,26,11,10,0,10,7,5,49,0,0
D:\Arquivos Jane\Dropbox\facom\TCC_MAPE_Android\EShop\app\src\main\java\cosmapek\connectors\req\IComponentManager.java,16,7,6,0,6,0,3,8,0,0
D:\Arquivos Jane\Dropbox\facom\TCC_MAPE_Android\EShop\app\src\main\java\cosmapek\connectors\req\ISensorManager.java,15,7,6,0,5,0,3,8,0,0
D:\Arquivos Jane\Dropbox\facom\TCC_MAPE_Android\EShop\app\src\main\java\cosmapek\conn_analyzer_controller\impl\Adapter.java,33,20,12,1,6,0,7,13,0,0
D:\Arquivos Jane\Dropbox\facom\TCC_MAPE_Android\EShop\app\src\main\java\cosmapek\conn_analyzer_controller\impl\ComponentFactory.java,21,12,8,2,6,0,3,8,0,0
D:\Arquivos Jane\Dropbox\facom\TCC_MAPE_Android\EShop\app\src\main\java\cosmapek\conn_analyzer_controller\impl\IInterfaceTags.java,9,5,4,0,4,0,0,0,0,0
D:\Arquivos Jane\Dropbox\facom\TCC_MAPE_Android\EShop\app\src\main\java\cosmapek\conn_analyzer_controller\impl\Manager.java,91,63,46,9,22,0,6,11,0,0
D:\Arquivos Jane\Dropbox\facom\TCC_MAPE_Android\EShop\app\src\main\java\cosmapek\conn_analyzer_controller\prov\IManager.java,26,11,10,0,10,7,5,49,0,0
D:\Arquivos Jane\Dropbox\facom\TCC_MAPE_Android\EShop\app\src\main\java\cosmapek\conn_analyzer_planner\impl\Adapter.java,21,14,10,1,7,0,0,0,0,0
D:\Arquivos Jane\Dropbox\facom\TCC_MAPE_Android\EShop\app\src\main\java\cosmapek\conn_analyzer_planner\impl\ComponentFactory.java,21,12,8,2,6,0,3,8,0,0
D:\Arquivos Jane\Dropbox\facom\TCC_MAPE_Android\EShop\app\src\main\java\cosmapek\conn_analyzer_planner\impl\IInterfaceTags.java,9,5,4,0,4,0,0,0,0,0
D:\Arquivos Jane\Dropbox\facom\TCC_MAPE_Android\EShop\app\src\main\java\cosmapek\conn_analyzer_planner\impl\Manager.java,91,63,46,9,22,0,6,11,0,0
D:\Arquivos Jane\Dropbox\facom\TCC_MAPE_Android\EShop\app\src\main\java\cosmapek\conn_analyzer_planner\prov\IManager.java,26,11,10,0,10,7,5,49,0,0
D:\Arquivos Jane\Dropbox\facom\TCC_MAPE_Android\EShop\app\src\main\java\cosmapek\conn_components_connectors\impl\Adapter.java,30,23,14,2,7,0,0,0,0,0
D:\Arquivos Jane\Dropbox\facom\TCC_MAPE_Android\EShop\app\src\main\java\cosmapek\conn_components_connectors\impl\ComponentFactory.java,21,12,8,2,6,0,3,8,0,0
D:\Arquivos Jane\Dropbox\facom\TCC_MAPE_Android\EShop\app\src\main\java\cosmapek\conn_components_connectors\impl\IInterfaceTags.java,9,5,4,0,4,0,0,0,0,0
D:\Arquivos Jane\Dropbox\facom\TCC_MAPE_Android\EShop\app\src\main\java\cosmapek\conn_components_connectors\impl\Manager.java,93,65,46,9,22,0,6,11,0,0
D:\Arquivos Jane\Dropbox\facom\TCC_MAPE_Android\EShop\app\src\main\java\cosmapek\conn_components_connectors\prov\IManager.java,26,11,10,0,10,7,5,49,0,0
D:\Arquivos Jane\Dropbox\facom\TCC_MAPE_Android\EShop\app\src\main\java\cosmapek\conn_components_planner\impl\Adapter.java,31,23,14,2,8,0,0,0,0,0
D:\Arquivos Jane\Dropbox\facom\TCC_MAPE_Android\EShop\app\src\main\java\cosmapek\conn_components_planner\impl\ComponentFactory.java,21,12,8,2,6,0,3,8,0,0
D:\Arquivos Jane\Dropbox\facom\TCC_MAPE_Android\EShop\app\src\main\java\cosmapek\conn_components_planner\impl\IInterfaceTags.java,9,5,4,0,4,0,0,0,0,0
D:\Arquivos Jane\Dropbox\facom\TCC_MAPE_Android\EShop\app\src\main\java\cosmapek\conn_components_planner\impl\Manager.java,92,64,46,9,22,0,6,11,0,0
D:\Arquivos Jane\Dropbox\facom\TCC_MAPE_Android\EShop\app\src\main\java\cosmapek\conn_components_planner\prov\IManager.java,26,11,10,0,10,7,5,49,0,0
D:\Arquivos Jane\Dropbox\facom\TCC_MAPE_Android\EShop\app\src\main\java\cosmapek\conn_components_reader\impl\Adapter.java,20,15,9,0,5,0,0,0,0,0
D:\Arquivos Jane\Dropbox\facom\TCC_MAPE_Android\EShop\app\src\main\java\cosmapek\conn_components_reader\impl\ComponentFactory.java,21,12,8,2,6,0,3,8,0,0
D:\Arquivos Jane\Dropbox\facom\TCC_MAPE_Android\EShop\app\src\main\java\cosmapek\conn_components_reader\impl\IInterfaceTags.java,9,5,4,0,4,0,0,0,0,0
D:\Arquivos Jane\Dropbox\facom\TCC_MAPE_Android\EShop\app\src\main\java\cosmapek\conn_components_reader\impl\Manager.java,92,64,46,9,22,0,6,11,0,0
D:\Arquivos Jane\Dropbox\facom\TCC_MAPE_Android\EShop\app\src\main\java\cosmapek\conn_components_reader\prov\IManager.java,26,11,10,0,10,7,5,49,0,0
D:\Arquivos Jane\Dropbox\facom\TCC_MAPE_Android\EShop\app\src\main\java\cosmapek\conn_components_variability\impl\Adapter.java,22,16,10,0,6,1,0,1,0,0
D:\Arquivos Jane\Dropbox\facom\TCC_MAPE_Android\EShop\app\src\main\java\cosmapek\conn_components_variability\impl\ComponentFactory.java,21,12,8,2,6,0,3,8,0,0
D:\Arquivos Jane\Dropbox\facom\TCC_MAPE_Android\EShop\app\src\main\java\cosmapek\conn_components_variability\impl\IInterfaceTags.java,9,5,4,0,4,0,0,0,0,0
D:\Arquivos Jane\Dropbox\facom\TCC_MAPE_Android\EShop\app\src\main\java\cosmapek\conn_components_variability\impl\Manager.java,93,65,46,9,22,0,6,11,0,0
D:\Arquivos Jane\Dropbox\facom\TCC_MAPE_Android\EShop\app\src\main\java\cosmapek\conn_components_variability\prov\IManager.java,26,11,10,0,10,7,5,49,0,0
D:\Arquivos Jane\Dropbox\facom\TCC_MAPE_Android\EShop\app\src\main\java\cosmapek\conn_connectors_planner\impl\Adapter.java,30,23,14,2,7,0,0,0,0,0
D:\Arquivos Jane\Dropbox\facom\TCC_MAPE_Android\EShop\app\src\main\java\cosmapek\conn_connectors_planner\impl\ComponentFactory.java,21,12,8,2,6,0,3,8,0,0
D:\Arquivos Jane\Dropbox\facom\TCC_MAPE_Android\EShop\app\src\main\java\cosmapek\conn_connectors_planner\impl\IInterfaceTags.java,9,5,4,0,4,0,0,0,0,0
D:\Arquivos Jane\Dropbox\facom\TCC_MAPE_Android\EShop\app\src\main\java\cosmapek\conn_connectors_planner\impl\Manager.java,92,64,46,9,22,0,6,11,0,0
D:\Arquivos Jane\Dropbox\facom\TCC_MAPE_Android\EShop\app\src\main\java\cosmapek\conn_connectors_planner\prov\IManager.java,26,11,10,0,10,7,5,49,0,0
D:\Arquivos Jane\Dropbox\facom\TCC_MAPE_Android\EShop\app\src\main\java\cosmapek\conn_connectors_reader\impl\Adapter.java,21,15,9,0,6,0,0,0,0,0
D:\Arquivos Jane\Dropbox\facom\TCC_MAPE_Android\EShop\app\src\main\java\cosmapek\conn_connectors_reader\impl\ComponentFactory.java,21,12,8,2,6,0,3,8,0,0
D:\Arquivos Jane\Dropbox\facom\TCC_MAPE_Android\EShop\app\src\main\java\cosmapek\conn_connectors_reader\impl\IInterfaceTags.java,9,5,4,0,4,0,0,0,0,0
D:\Arquivos Jane\Dropbox\facom\TCC_MAPE_Android\EShop\app\src\main\java\cosmapek\conn_connectors_reader\impl\Manager.java,92,64,46,9,22,0,6,11,0,0
D:\Arquivos Jane\Dropbox\facom\TCC_MAPE_Android\EShop\app\src\main\java\cosmapek\conn_connectors_reader\prov\IManager.java,26,11,10,0,10,7,5,49,0,0
D:\Arquivos Jane\Dropbox\facom\TCC_MAPE_Android\EShop\app\src\main\java\cosmapek\conn_connectors_variability\impl\Adapter.java,22,16,10,0,6,0,0,0,0,0
D:\Arquivos Jane\Dropbox\facom\TCC_MAPE_Android\EShop\app\src\main\java\cosmapek\conn_connectors_variability\impl\ComponentFactory.java,21,12,8,2,6,0,3,8,0,0
D:\Arquivos Jane\Dropbox\facom\TCC_MAPE_Android\EShop\app\src\main\java\cosmapek\conn_connectors_variability\impl\IInterfaceTags.java,9,5,4,0,4,0,0,0,0,0
D:\Arquivos Jane\Dropbox\facom\TCC_MAPE_Android\EShop\app\src\main\java\cosmapek\conn_connectors_variability\impl\Manager.java,93,65,46,9,22,0,6,11,0,0
D:\Arquivos Jane\Dropbox\facom\TCC_MAPE_Android\EShop\app\src\main\java\cosmapek\conn_connectors_variability\prov\IManager.java,26,11,10,0,10,7,5,49,0,0
D:\Arquivos Jane\Dropbox\facom\TCC_MAPE_Android\EShop\app\src\main\java\cosmapek\conn_controller_main\impl\Adapter.java,40,32,18,0,8,0,0,0,0,0
D:\Arquivos Jane\Dropbox\facom\TCC_MAPE_Android\EShop\app\src\main\java\cosmapek\conn_controller_main\impl\ComponentFactory.java,21,12,8,2,6,0,3,8,0,0
D:\Arquivos Jane\Dropbox\facom\TCC_MAPE_Android\EShop\app\src\main\java\cosmapek\conn_controller_main\impl\IInterfaceTags.java,9,5,4,0,4,0,0,0,0,0
D:\Arquivos Jane\Dropbox\facom\TCC_MAPE_Android\EShop\app\src\main\java\cosmapek\conn_controller_main\impl\Manager.java,92,64,46,9,22,0,6,11,0,0
D:\Arquivos Jane\Dropbox\facom\TCC_MAPE_Android\EShop\app\src\main\java\cosmapek\conn_controller_main\prov\IManager.java,26,11,10,0,10,7,5,49,0,0
D:\Arquivos Jane\Dropbox\facom\TCC_MAPE_Android\EShop\app\src\main\java\cosmapek\conn_executer_controller\impl\Adapter.java,27,21,12,0,6,0,0,0,0,0
D:\Arquivos Jane\Dropbox\facom\TCC_MAPE_Android\EShop\app\src\main\java\cosmapek\conn_executer_controller\impl\ComponentFactory.java,21,12,8,2,6,0,3,8,0,0
D:\Arquivos Jane\Dropbox\facom\TCC_MAPE_Android\EShop\app\src\main\java\cosmapek\conn_executer_controller\impl\IInterfaceTags.java,9,5,4,0,4,0,0,0,0,0
D:\Arquivos Jane\Dropbox\facom\TCC_MAPE_Android\EShop\app\src\main\java\cosmapek\conn_executer_controller\impl\Manager.java,92,64,46,9,22,0,6,11,0,0
D:\Arquivos Jane\Dropbox\facom\TCC_MAPE_Android\EShop\app\src\main\java\cosmapek\conn_executer_controller\prov\IManager.java,26,11,10,0,10,7,5,49,0,0
D:\Arquivos Jane\Dropbox\facom\TCC_MAPE_Android\EShop\app\src\main\java\cosmapek\conn_features_reader\impl\Adapter.java,18,13,9,0,5,0,0,0,0,0
D:\Arquivos Jane\Dropbox\facom\TCC_MAPE_Android\EShop\app\src\main\java\cosmapek\conn_features_reader\impl\ComponentFactory.java,21,12,8,2,6,0,3,8,0,0
D:\Arquivos Jane\Dropbox\facom\TCC_MAPE_Android\EShop\app\src\main\java\cosmapek\conn_features_reader\impl\IInterfaceTags.java,9,5,4,0,4,0,0,0,0,0
D:\Arquivos Jane\Dropbox\facom\TCC_MAPE_Android\EShop\app\src\main\java\cosmapek\conn_features_reader\impl\Manager.java,91,63,46,9,22,0,6,11,0,0
D:\Arquivos Jane\Dropbox\facom\TCC_MAPE_Android\EShop\app\src\main\java\cosmapek\conn_features_reader\prov\IManager.java,26,11,10,0,10,7,5,49,0,0
D:\Arquivos Jane\Dropbox\facom\TCC_MAPE_Android\EShop\app\src\main\java\cosmapek\conn_features_variability\impl\Adapter.java,21,15,10,0,6,0,0,0,0,0
D:\Arquivos Jane\Dropbox\facom\TCC_MAPE_Android\EShop\app\src\main\java\cosmapek\conn_features_variability\impl\ComponentFactory.java,21,12,8,2,6,0,3,8,0,0
D:\Arquivos Jane\Dropbox\facom\TCC_MAPE_Android\EShop\app\src\main\java\cosmapek\conn_features_variability\impl\IInterfaceTags.java,9,5,4,0,4,0,0,0,0,0
D:\Arquivos Jane\Dropbox\facom\TCC_MAPE_Android\EShop\app\src\main\java\cosmapek\conn_features_variability\impl\Manager.java,91,63,46,9,22,0,6,11,0,0
D:\Arquivos Jane\Dropbox\facom\TCC_MAPE_Android\EShop\app\src\main\java\cosmapek\conn_features_variability\prov\IManager.java,26,11,10,0,10,7,5,49,0,0
D:\Arquivos Jane\Dropbox\facom\TCC_MAPE_Android\EShop\app\src\main\java\cosmapek\conn_planner_controller\impl\Adapter.java,19,14,9,0,5,0,0,0,0,0
D:\Arquivos Jane\Dropbox\facom\TCC_MAPE_Android\EShop\app\src\main\java\cosmapek\conn_planner_controller\impl\ComponentFactory.java,21,12,8,2,6,0,3,8,0,0
D:\Arquivos Jane\Dropbox\facom\TCC_MAPE_Android\EShop\app\src\main\java\cosmapek\conn_planner_controller\impl\IInterfaceTags.java,9,5,4,0,4,0,0,0,0,0
D:\Arquivos Jane\Dropbox\facom\TCC_MAPE_Android\EShop\app\src\main\java\cosmapek\conn_planner_controller\impl\Manager.java,91,63,46,9,22,0,6,11,0,0
D:\Arquivos Jane\Dropbox\facom\TCC_MAPE_Android\EShop\app\src\main\java\cosmapek\conn_planner_controller\prov\IManager.java,26,11,10,0,10,7,5,49,0,0
D:\Arquivos Jane\Dropbox\facom\TCC_MAPE_Android\EShop\app\src\main\java\cosmapek\conn_planner_executer\impl\Adapter.java,32,19,13,1,7,0,6,14,0,0
D:\Arquivos Jane\Dropbox\facom\TCC_MAPE_Android\EShop\app\src\main\java\cosmapek\conn_planner_executer\impl\ComponentFactory.java,21,12,8,2,6,0,3,8,0,0
D:\Arquivos Jane\Dropbox\facom\TCC_MAPE_Android\EShop\app\src\main\java\cosmapek\conn_planner_executer\impl\IInterfaceTags.java,9,5,4,0,4,0,0,0,0,0
D:\Arquivos Jane\Dropbox\facom\TCC_MAPE_Android\EShop\app\src\main\java\cosmapek\conn_planner_executer\impl\Manager.java,91,63,46,9,22,0,6,11,0,0
D:\Arquivos Jane\Dropbox\facom\TCC_MAPE_Android\EShop\app\src\main\java\cosmapek\conn_planner_executer\prov\IManager.java,26,11,10,0,10,7,5,49,0,0
D:\Arquivos Jane\Dropbox\facom\TCC_MAPE_Android\EShop\app\src\main\java\cosmapek\conn_reader_main\impl\Adapter.java,31,23,15,0,8,0,0,0,0,0
D:\Arquivos Jane\Dropbox\facom\TCC_MAPE_Android\EShop\app\src\main\java\cosmapek\conn_reader_main\impl\ComponentFactory.java,21,12,8,2,6,0,3,8,0,0
D:\Arquivos Jane\Dropbox\facom\TCC_MAPE_Android\EShop\app\src\main\java\cosmapek\conn_reader_main\impl\IInterfaceTags.java,9,5,4,0,4,0,0,0,0,0
D:\Arquivos Jane\Dropbox\facom\TCC_MAPE_Android\EShop\app\src\main\java\cosmapek\conn_reader_main\impl\Manager.java,93,63,46,9,24,0,6,11,0,0
D:\Arquivos Jane\Dropbox\facom\TCC_MAPE_Android\EShop\app\src\main\java\cosmapek\conn_reader_main\prov\IManager.java,26,11,10,0,10,7,5,49,0,0
D:\Arquivos Jane\Dropbox\facom\TCC_MAPE_Android\EShop\app\src\main\java\cosmapek\conn_sensors_analyzer\impl\Adapter.java,35,25,16,3,10,0,0,0,0,0
D:\Arquivos Jane\Dropbox\facom\TCC_MAPE_Android\EShop\app\src\main\java\cosmapek\conn_sensors_analyzer\impl\ComponentFactory.java,21,12,8,2,6,0,3,8,0,0
D:\Arquivos Jane\Dropbox\facom\TCC_MAPE_Android\EShop\app\src\main\java\cosmapek\conn_sensors_analyzer\impl\IInterfaceTags.java,9,5,4,0,4,0,0,0,0,0
D:\Arquivos Jane\Dropbox\facom\TCC_MAPE_Android\EShop\app\src\main\java\cosmapek\conn_sensors_analyzer\impl\Manager.java,91,63,46,9,22,0,6,11,0,0
D:\Arquivos Jane\Dropbox\facom\TCC_MAPE_Android\EShop\app\src\main\java\cosmapek\conn_sensors_analyzer\prov\IManager.java,26,11,10,0,10,7,5,49,0,0
D:\Arquivos Jane\Dropbox\facom\TCC_MAPE_Android\EShop\app\src\main\java\cosmapek\conn_sensors_connectors\impl\Adapter.java,28,21,14,2,7,0,0,0,0,0
D:\Arquivos Jane\Dropbox\facom\TCC_MAPE_Android\EShop\app\src\main\java\cosmapek\conn_sensors_connectors\impl\ComponentFactory.java,21,12,8,2,6,0,3,8,0,0
D:\Arquivos Jane\Dropbox\facom\TCC_MAPE_Android\EShop\app\src\main\java\cosmapek\conn_sensors_connectors\impl\IInterfaceTags.java,9,5,4,0,4,0,0,0,0,0
D:\Arquivos Jane\Dropbox\facom\TCC_MAPE_Android\EShop\app\src\main\java\cosmapek\conn_sensors_connectors\impl\Manager.java,91,63,46,9,22,0,6,11,0,0
D:\Arquivos Jane\Dropbox\facom\TCC_MAPE_Android\EShop\app\src\main\java\cosmapek\conn_sensors_connectors\prov\IManager.java,26,11,10,0,10,7,5,49,0,0
D:\Arquivos Jane\Dropbox\facom\TCC_MAPE_Android\EShop\app\src\main\java\cosmapek\conn_sensors_planner\impl\Adapter.java,27,20,14,2,7,0,0,0,0,0
D:\Arquivos Jane\Dropbox\facom\TCC_MAPE_Android\EShop\app\src\main\java\cosmapek\conn_sensors_planner\impl\ComponentFactory.java,21,12,8,2,6,0,3,8,0,0
D:\Arquivos Jane\Dropbox\facom\TCC_MAPE_Android\EShop\app\src\main\java\cosmapek\conn_sensors_planner\impl\IInterfaceTags.java,9,5,4,0,4,0,0,0,0,0
D:\Arquivos Jane\Dropbox\facom\TCC_MAPE_Android\EShop\app\src\main\java\cosmapek\conn_sensors_planner\impl\Manager.java,91,63,46,9,22,0,6,11,0,0
D:\Arquivos Jane\Dropbox\facom\TCC_MAPE_Android\EShop\app\src\main\java\cosmapek\conn_sensors_planner\prov\IManager.java,26,11,10,0,10,7,5,49,0,0
D:\Arquivos Jane\Dropbox\facom\TCC_MAPE_Android\EShop\app\src\main\java\cosmapek\conn_sensors_reader\impl\Adapter.java,18,13,9,0,5,0,0,0,0,0
D:\Arquivos Jane\Dropbox\facom\TCC_MAPE_Android\EShop\app\src\main\java\cosmapek\conn_sensors_reader\impl\ComponentFactory.java,21,12,8,2,6,0,3,8,0,0
D:\Arquivos Jane\Dropbox\facom\TCC_MAPE_Android\EShop\app\src\main\java\cosmapek\conn_sensors_reader\impl\IInterfaceTags.java,9,5,4,0,4,0,0,0,0,0
D:\Arquivos Jane\Dropbox\facom\TCC_MAPE_Android\EShop\app\src\main\java\cosmapek\conn_sensors_reader\impl\Manager.java,91,63,46,9,22,0,6,11,0,0
D:\Arquivos Jane\Dropbox\facom\TCC_MAPE_Android\EShop\app\src\main\java\cosmapek\conn_sensors_reader\prov\IManager.java,26,11,10,0,10,7,5,49,0,0
D:\Arquivos Jane\Dropbox\facom\TCC_MAPE_Android\EShop\app\src\main\java\cosmapek\conn_sensors_variability\impl\Adapter.java,21,15,10,0,6,0,0,0,0,0
D:\Arquivos Jane\Dropbox\facom\TCC_MAPE_Android\EShop\app\src\main\java\cosmapek\conn_sensors_variability\impl\ComponentFactory.java,21,12,8,2,6,0,3,8,0,0
D:\Arquivos Jane\Dropbox\facom\TCC_MAPE_Android\EShop\app\src\main\java\cosmapek\conn_sensors_variability\impl\IInterfaceTags.java,9,5,4,0,4,0,0,0,0,0
D:\Arquivos Jane\Dropbox\facom\TCC_MAPE_Android\EShop\app\src\main\java\cosmapek\conn_sensors_variability\impl\Manager.java,91,63,46,9,22,0,6,11,0,0
D:\Arquivos Jane\Dropbox\facom\TCC_MAPE_Android\EShop\app\src\main\java\cosmapek\conn_sensors_variability\prov\IManager.java,26,11,10,0,10,7,5,49,0,0
D:\Arquivos Jane\Dropbox\facom\TCC_MAPE_Android\EShop\app\src\main\java\cosmapek\conn_variability_planner\impl\Adapter.java,22,16,10,1,6,0,0,0,0,0
D:\Arquivos Jane\Dropbox\facom\TCC_MAPE_Android\EShop\app\src\main\java\cosmapek\conn_variability_planner\impl\ComponentFactory.java,21,12,8,2,6,0,3,8,0,0
D:\Arquivos Jane\Dropbox\facom\TCC_MAPE_Android\EShop\app\src\main\java\cosmapek\conn_variability_planner\impl\IInterfaceTags.java,9,5,4,0,4,0,0,0,0,0
D:\Arquivos Jane\Dropbox\facom\TCC_MAPE_Android\EShop\app\src\main\java\cosmapek\conn_variability_planner\impl\Manager.java,93,65,46,9,22,0,6,11,0,0
D:\Arquivos Jane\Dropbox\facom\TCC_MAPE_Android\EShop\app\src\main\java\cosmapek\conn_variability_planner\prov\IManager.java,26,11,10,0,10,7,5,49,0,0
D:\Arquivos Jane\Dropbox\facom\TCC_MAPE_Android\EShop\app\src\main\java\cosmapek\conn_variability_reader\impl\Adapter.java,27,21,12,0,6,0,0,0,0,0
D:\Arquivos Jane\Dropbox\facom\TCC_MAPE_Android\EShop\app\src\main\java\cosmapek\conn_variability_reader\impl\ComponentFactory.java,21,12,8,2,6,0,3,8,0,0
D:\Arquivos Jane\Dropbox\facom\TCC_MAPE_Android\EShop\app\src\main\java\cosmapek\conn_variability_reader\impl\IInterfaceTags.java,9,5,4,0,4,0,0,0,0,0
D:\Arquivos Jane\Dropbox\facom\TCC_MAPE_Android\EShop\app\src\main\java\cosmapek\conn_variability_reader\impl\Manager.java,93,65,46,9,22,0,6,11,0,0
D:\Arquivos Jane\Dropbox\facom\TCC_MAPE_Android\EShop\app\src\main\java\cosmapek\conn_variability_reader\prov\IManager.java,26,11,10,0,10,7,5,49,0,0
D:\Arquivos Jane\Dropbox\facom\TCC_MAPE_Android\EShop\app\src\main\java\cosmapek\controller\core\IInterfaceTags.java,9,6,5,0,2,0,1,1,0,0
D:\Arquivos Jane\Dropbox\facom\TCC_MAPE_Android\EShop\app\src\main\java\cosmapek\controller\core\Monitor.java,101,77,64,5,17,1,7,36,0,0
D:\Arquivos Jane\Dropbox\facom\TCC_MAPE_Android\EShop\app\src\main\java\cosmapek\controller\core\MonitorFactory.java,17,10,7,2,4,0,3,8,0,0
D:\Arquivos Jane\Dropbox\facom\TCC_MAPE_Android\EShop\app\src\main\java\cosmapek\controller\impl\ComponentFactory.java,20,12,8,2,5,0,3,7,0,0
D:\Arquivos Jane\Dropbox\facom\TCC_MAPE_Android\EShop\app\src\main\java\cosmapek\controller\impl\IControllerManagerFacade.java,36,25,19,0,8,0,3,7,0,0
D:\Arquivos Jane\Dropbox\facom\TCC_MAPE_Android\EShop\app\src\main\java\cosmapek\controller\impl\IInterfaceTags.java,13,8,7,0,3,0,2,2,0,0
D:\Arquivos Jane\Dropbox\facom\TCC_MAPE_Android\EShop\app\src\main\java\cosmapek\controller\impl\Manager.java,97,69,52,9,22,0,6,11,0,0
D:\Arquivos Jane\Dropbox\facom\TCC_MAPE_Android\EShop\app\src\main\java\cosmapek\controller\prov\IControllerManager.java,16,7,6,0,6,0,3,7,0,0
D:\Arquivos Jane\Dropbox\facom\TCC_MAPE_Android\EShop\app\src\main\java\cosmapek\controller\prov\IManager.java,29,11,10,0,10,7,8,56,0,0
D:\Arquivos Jane\Dropbox\facom\TCC_MAPE_Android\EShop\app\src\main\java\cosmapek\controller\req\IAnalysisManager.java,14,5,4,0,5,0,4,9,0,0
D:\Arquivos Jane\Dropbox\facom\TCC_MAPE_Android\EShop\app\src\main\java\cosmapek\controller\req\IExecutionManager.java,12,5,4,0,4,0,3,7,0,0
D:\Arquivos Jane\Dropbox\facom\TCC_MAPE_Android\EShop\app\src\main\java\cosmapek\controller\req\IPlanningManager.java,10,4,3,0,3,0,3,8,0,0
D:\Arquivos Jane\Dropbox\facom\TCC_MAPE_Android\EShop\app\src\main\java\cosmapek\executer\core\Executer.java,64,44,35,2,15,1,5,17,0,0
D:\Arquivos Jane\Dropbox\facom\TCC_MAPE_Android\EShop\app\src\main\java\cosmapek\executer\core\ExecuterFactory.java,17,10,7,2,4,0,3,8,0,0
D:\Arquivos Jane\Dropbox\facom\TCC_MAPE_Android\EShop\app\src\main\java\cosmapek\executer\core\IInterfaceTags.java,8,4,3,0,3,0,1,1,0,0
D:\Arquivos Jane\Dropbox\facom\TCC_MAPE_Android\EShop\app\src\main\java\cosmapek\executer\impl\ComponentFactory.java,20,12,8,2,5,0,3,7,0,0
D:\Arquivos Jane\Dropbox\facom\TCC_MAPE_Android\EShop\app\src\main\java\cosmapek\executer\impl\IExecutionManagerFacade.java,28,19,15,0,6,0,3,7,0,0
D:\Arquivos Jane\Dropbox\facom\TCC_MAPE_Android\EShop\app\src\main\java\cosmapek\executer\impl\IInterfaceTags.java,12,6,5,0,4,0,2,2,0,0
D:\Arquivos Jane\Dropbox\facom\TCC_MAPE_Android\EShop\app\src\main\java\cosmapek\executer\impl\Manager.java,93,65,48,9,22,0,6,11,0,0
D:\Arquivos Jane\Dropbox\facom\TCC_MAPE_Android\EShop\app\src\main\java\cosmapek\executer\prov\IExecutionManager.java,11,5,4,0,3,0,3,7,0,0
D:\Arquivos Jane\Dropbox\facom\TCC_MAPE_Android\EShop\app\src\main\java\cosmapek\executer\prov\IManager.java,26,11,10,0,10,7,5,49,0,0
D:\Arquivos Jane\Dropbox\facom\TCC_MAPE_Android\EShop\app\src\main\java\cosmapek\executer\req\IPlanningManager.java,13,6,5,0,4,0,3,8,0,0
D:\Arquivos Jane\Dropbox\facom\TCC_MAPE_Android\EShop\app\src\main\java\cosmapek\features\core\Feature.java,19,11,8,1,5,0,3,8,0,0
D:\Arquivos Jane\Dropbox\facom\TCC_MAPE_Android\EShop\app\src\main\java\cosmapek\features\core\FeatureM.java,62,48,35,9,11,2,3,19,0,0
D:\Arquivos Jane\Dropbox\facom\TCC_MAPE_Android\EShop\app\src\main\java\cosmapek\features\core\FeatureMFactory.java,17,10,7,2,4,0,3,8,0,0
D:\Arquivos Jane\Dropbox\facom\TCC_MAPE_Android\EShop\app\src\main\java\cosmapek\features\core\Features.java,72,40,30,4,13,0,19,51,0,0
D:\Arquivos Jane\Dropbox\facom\TCC_MAPE_Android\EShop\app\src\main\java\cosmapek\features\impl\ComponentFactory.java,20,12,8,2,5,0,3,8,0,0
D:\Arquivos Jane\Dropbox\facom\TCC_MAPE_Android\EShop\app\src\main\java\cosmapek\features\impl\IFeatureManagerFacade.java,49,34,26,3,12,0,3,8,0,0
D:\Arquivos Jane\Dropbox\facom\TCC_MAPE_Android\EShop\app\src\main\java\cosmapek\features\impl\IInterfaceTags.java,12,5,4,0,4,0,3,8,0,0
D:\Arquivos Jane\Dropbox\facom\TCC_MAPE_Android\EShop\app\src\main\java\cosmapek\features\impl\Manager.java,92,63,46,9,22,0,7,13,0,0
D:\Arquivos Jane\Dropbox\facom\TCC_MAPE_Android\EShop\app\src\main\java\cosmapek\features\prov\IFeatureManager.java,25,12,11,0,10,0,3,8,0,0
D:\Arquivos Jane\Dropbox\facom\TCC_MAPE_Android\EShop\app\src\main\java\cosmapek\features\prov\IManager.java,26,11,10,0,10,7,5,49,0,0
D:\Arquivos Jane\Dropbox\facom\TCC_MAPE_Android\EShop\app\src\main\java\cosmapek\interfaces\IComponent.java,9,4,3,0,2,0,3,8,0,0
D:\Arquivos Jane\Dropbox\facom\TCC_MAPE_Android\EShop\app\src\main\java\cosmapek\interfaces\IComponents.java,13,6,5,0,4,0,3,8,0,0
D:\Arquivos Jane\Dropbox\facom\TCC_MAPE_Android\EShop\app\src\main\java\cosmapek\interfaces\IConnector.java,11,5,4,0,3,0,3,8,0,0
D:\Arquivos Jane\Dropbox\facom\TCC_MAPE_Android\EShop\app\src\main\java\cosmapek\interfaces\IConnectors.java,13,6,5,0,4,0,3,8,0,0
D:\Arquivos Jane\Dropbox\facom\TCC_MAPE_Android\EShop\app\src\main\java\cosmapek\interfaces\IElement.java,12,5,4,0,4,0,3,8,0,0
D:\Arquivos Jane\Dropbox\facom\TCC_MAPE_Android\EShop\app\src\main\java\cosmapek\interfaces\IExecution.java,7,4,3,0,3,0,0,0,0,0
D:\Arquivos Jane\Dropbox\facom\TCC_MAPE_Android\EShop\app\src\main\java\cosmapek\interfaces\IFeatureB.java,9,4,3,0,2,0,3,8,0,0
D:\Arquivos Jane\Dropbox\facom\TCC_MAPE_Android\EShop\app\src\main\java\cosmapek\interfaces\IFeaturesB.java,13,6,5,0,4,0,3,8,0,0
D:\Arquivos Jane\Dropbox\facom\TCC_MAPE_Android\EShop\app\src\main\java\cosmapek\interfaces\ISensor.java,13,6,5,0,4,0,3,8,0,0
D:\Arquivos Jane\Dropbox\facom\TCC_MAPE_Android\EShop\app\src\main\java\cosmapek\interfaces\ISensors.java,14,6,5,0,5,0,3,8,0,0
D:\Arquivos Jane\Dropbox\facom\TCC_MAPE_Android\EShop\app\src\main\java\cosmapek\main\core\Application.java,22,10,7,0,5,0,7,23,0,0
D:\Arquivos Jane\Dropbox\facom\TCC_MAPE_Android\EShop\app\src\main\java\cosmapek\main\core\Boot.java,54,37,31,1,10,2,7,31,0,0
D:\Arquivos Jane\Dropbox\facom\TCC_MAPE_Android\EShop\app\src\main\java\cosmapek\main\core\BootFactory.java,17,10,7,2,4,0,3,8,0,0
D:\Arquivos Jane\Dropbox\facom\TCC_MAPE_Android\EShop\app\src\main\java\cosmapek\main\core\IInterfaceTags.java,13,6,5,0,2,0,5,9,0,0
D:\Arquivos Jane\Dropbox\facom\TCC_MAPE_Android\EShop\app\src\main\java\cosmapek\main\impl\ComponentFactory.java,20,12,8,2,5,0,3,7,0,0
D:\Arquivos Jane\Dropbox\facom\TCC_MAPE_Android\EShop\app\src\main\java\cosmapek\main\impl\IInterfaceTags.java,16,7,6,0,4,0,5,9,0,0
D:\Arquivos Jane\Dropbox\facom\TCC_MAPE_Android\EShop\app\src\main\java\cosmapek\main\impl\ILauncherFacade.java,25,16,13,1,6,0,3,7,0,0
D:\Arquivos Jane\Dropbox\facom\TCC_MAPE_Android\EShop\app\src\main\java\cosmapek\main\impl\Manager.java,95,67,50,9,22,0,6,10,0,0
D:\Arquivos Jane\Dropbox\facom\TCC_MAPE_Android\EShop\app\src\main\java\cosmapek\main\prov\ILauncher.java,9,4,3,0,2,0,3,7,0,0
D:\Arquivos Jane\Dropbox\facom\TCC_MAPE_Android\EShop\app\src\main\java\cosmapek\main\prov\IManager.java,29,11,10,0,10,7,8,56,0,0
D:\Arquivos Jane\Dropbox\facom\TCC_MAPE_Android\EShop\app\src\main\java\cosmapek\main\req\IControllerManager.java,16,7,6,0,6,0,3,7,0,0
D:\Arquivos Jane\Dropbox\facom\TCC_MAPE_Android\EShop\app\src\main\java\cosmapek\main\req\IReadingManager.java,14,6,5,0,5,0,3,7,0,0
D:\Arquivos Jane\Dropbox\facom\TCC_MAPE_Android\EShop\app\src\main\java\cosmapek\planner\core\IInterfaceTags.java,14,8,7,0,2,0,4,8,0,0
D:\Arquivos Jane\Dropbox\facom\TCC_MAPE_Android\EShop\app\src\main\java\cosmapek\planner\core\Planner.java,156,87,66,17,14,1,55,131,0,0
D:\Arquivos Jane\Dropbox\facom\TCC_MAPE_Android\EShop\app\src\main\java\cosmapek\planner\core\PlannerFactory.java,17,10,7,2,4,0,3,8,0,0
D:\Arquivos Jane\Dropbox\facom\TCC_MAPE_Android\EShop\app\src\main\java\cosmapek\planner\core\sort\ComparatorIElement.java,25,16,11,5,6,0,3,8,0,0
D:\Arquivos Jane\Dropbox\facom\TCC_MAPE_Android\EShop\app\src\main\java\cosmapek\planner\core\sort\DefaultAlgorithm.java,23,13,10,2,5,1,5,22,0,0
D:\Arquivos Jane\Dropbox\facom\TCC_MAPE_Android\EShop\app\src\main\java\cosmapek\planner\core\sort\MergeSortAlgorithm.java,56,46,36,7,7,1,3,12,0,0
D:\Arquivos Jane\Dropbox\facom\TCC_MAPE_Android\EShop\app\src\main\java\cosmapek\planner\core\sort\Sort.java,13,6,5,0,4,0,3,7,0,0
D:\Arquivos Jane\Dropbox\facom\TCC_MAPE_Android\EShop\app\src\main\java\cosmapek\planner\impl\ComponentFactory.java,20,12,8,2,5,0,3,8,0,0
D:\Arquivos Jane\Dropbox\facom\TCC_MAPE_Android\EShop\app\src\main\java\cosmapek\planner\impl\IInterfaceTags.java,18,10,9,0,3,0,5,9,0,0
D:\Arquivos Jane\Dropbox\facom\TCC_MAPE_Android\EShop\app\src\main\java\cosmapek\planner\impl\IPlanningManagerFacade.java,30,20,16,1,7,0,3,7,0,0
D:\Arquivos Jane\Dropbox\facom\TCC_MAPE_Android\EShop\app\src\main\java\cosmapek\planner\impl\Manager.java,98,69,52,9,23,0,6,11,0,0
D:\Arquivos Jane\Dropbox\facom\TCC_MAPE_Android\EShop\app\src\main\java\cosmapek\planner\prov\IManager.java,29,11,10,0,10,7,8,56,0,0
D:\Arquivos Jane\Dropbox\facom\TCC_MAPE_Android\EShop\app\src\main\java\cosmapek\planner\prov\IPlanningManager.java,14,6,5,0,5,0,3,7,0,0
D:\Arquivos Jane\Dropbox\facom\TCC_MAPE_Android\EShop\app\src\main\java\cosmapek\planner\req\IAnalysisManager.java,14,5,4,0,5,0,4,9,0,0
D:\Arquivos Jane\Dropbox\facom\TCC_MAPE_Android\EShop\app\src\main\java\cosmapek\planner\req\IComponentManager.java,17,7,6,0,7,0,3,7,0,0
D:\Arquivos Jane\Dropbox\facom\TCC_MAPE_Android\EShop\app\src\main\java\cosmapek\planner\req\IConnectorManager.java,14,7,6,0,7,0,0,0,0,0
D:\Arquivos Jane\Dropbox\facom\TCC_MAPE_Android\EShop\app\src\main\java\cosmapek\planner\req\ISensorManager.java,17,7,6,0,7,0,3,7,0,0
D:\Arquivos Jane\Dropbox\facom\TCC_MAPE_Android\EShop\app\src\main\java\cosmapek\planner\req\IVariabilityManager.java,12,5,4,0,4,0,3,7,0,0
D:\Arquivos Jane\Dropbox\facom\TCC_MAPE_Android\EShop\app\src\main\java\cosmapek\reader\core\IInterfaceTags.java,15,8,7,0,3,0,4,8,0,0
D:\Arquivos Jane\Dropbox\facom\TCC_MAPE_Android\EShop\app\src\main\java\cosmapek\reader\core\Reader.java,54,40,33,1,10,0,4,12,0,0
D:\Arquivos Jane\Dropbox\facom\TCC_MAPE_Android\EShop\app\src\main\java\cosmapek\reader\core\ReaderFactory.java,17,10,7,2,4,0,3,8,0,0
D:\Arquivos Jane\Dropbox\facom\TCC_MAPE_Android\EShop\app\src\main\java\cosmapek\reader\core\io\AbstractConfigurationReader.java,31,22,16,1,6,0,3,7,0,0
D:\Arquivos Jane\Dropbox\facom\TCC_MAPE_Android\EShop\app\src\main\java\cosmapek\reader\core\io\IConfigurationReader.java,12,6,5,0,3,0,3,7,0,0
D:\Arquivos Jane\Dropbox\facom\TCC_MAPE_Android\EShop\app\src\main\java\cosmapek\reader\core\io\UnsupportedModelException.java,41,9,7,0,6,0,26,169,20,146
D:\Arquivos Jane\Dropbox\facom\TCC_MAPE_Android\EShop\app\src\main\java\cosmapek\reader\core\io\xml\PositionalXMLReader.java,110,73,56,5,11,1,26,181,20,146
D:\Arquivos Jane\Dropbox\facom\TCC_MAPE_Android\EShop\app\src\main\java\cosmapek\reader\core\io\xml\XmlConfigurationReader.java,176,151,116,23,15,1,10,26,0,0
D:\Arquivos Jane\Dropbox\facom\TCC_MAPE_Android\EShop\app\src\main\java\cosmapek\reader\core\io\xml\XmlConfigurationTags.java,27,16,15,0,6,0,5,8,0,0
D:\Arquivos Jane\Dropbox\facom\TCC_MAPE_Android\EShop\app\src\main\java\cosmapek\reader\core\io\xml\XmlManager.java,59,49,36,0,7,0,3,7,0,0
D:\Arquivos Jane\Dropbox\facom\TCC_MAPE_Android\EShop\app\src\main\java\cosmapek\reader\impl\ComponentFactory.java,20,12,8,2,5,0,3,7,0,0
D:\Arquivos Jane\Dropbox\facom\TCC_MAPE_Android\EShop\app\src\main\java\cosmapek\reader\impl\IInterfaceTags.java,19,10,9,0,4,0,5,9,0,0
D:\Arquivos Jane\Dropbox\facom\TCC_MAPE_Android\EShop\app\src\main\java\cosmapek\reader\impl\IReadingManagerFacade.java,32,22,17,0,7,0,3,7,0,0
D:\Arquivos Jane\Dropbox\facom\TCC_MAPE_Android\EShop\app\src\main\java\cosmapek\reader\impl\Manager.java,98,69,52,9,23,0,6,10,0,0
D:\Arquivos Jane\Dropbox\facom\TCC_MAPE_Android\EShop\app\src\main\java\cosmapek\reader\prov\IManager.java,29,11,10,0,10,7,8,56,0,0
D:\Arquivos Jane\Dropbox\facom\TCC_MAPE_Android\EShop\app\src\main\java\cosmapek\reader\prov\IReadingManager.java,14,6,5,0,5,0,3,7,0,0
D:\Arquivos Jane\Dropbox\facom\TCC_MAPE_Android\EShop\app\src\main\java\cosmapek\reader\req\IComponentManager.java,9,4,3,0,2,0,3,7,0,0
D:\Arquivos Jane\Dropbox\facom\TCC_MAPE_Android\EShop\app\src\main\java\cosmapek\reader\req\IConnectorManager.java,9,4,3,0,2,0,3,7,0,0
D:\Arquivos Jane\Dropbox\facom\TCC_MAPE_Android\EShop\app\src\main\java\cosmapek\reader\req\IFeatureManager.java,9,4,3,0,2,0,3,7,0,0
D:\Arquivos Jane\Dropbox\facom\TCC_MAPE_Android\EShop\app\src\main\java\cosmapek\reader\req\ISensorManager.java,9,4,3,0,2,0,3,7,0,0
D:\Arquivos Jane\Dropbox\facom\TCC_MAPE_Android\EShop\app\src\main\java\cosmapek\reader\req\IVariabilityManager.java,12,5,4,0,4,0,3,7,0,0
D:\Arquivos Jane\Dropbox\facom\TCC_MAPE_Android\EShop\app\src\main\java\cosmapek\sensors\core\Sensor.java,59,43,33,10,11,0,5,18,0,0
D:\Arquivos Jane\Dropbox\facom\TCC_MAPE_Android\EShop\app\src\main\java\cosmapek\sensors\core\SensorM.java,134,103,73,33,21,2,10,27,0,0
D:\Arquivos Jane\Dropbox\facom\TCC_MAPE_Android\EShop\app\src\main\java\cosmapek\sensors\core\SensorMFactory.java,17,10,7,2,4,0,3,8,0,0
D:\Arquivos Jane\Dropbox\facom\TCC_MAPE_Android\EShop\app\src\main\java\cosmapek\sensors\core\Sensors.java,75,40,30,4,15,0,20,51,0,0
D:\Arquivos Jane\Dropbox\facom\TCC_MAPE_Android\EShop\app\src\main\java\cosmapek\sensors\impl\ComponentFactory.java,20,12,8,2,5,0,3,8,0,0
D:\Arquivos Jane\Dropbox\facom\TCC_MAPE_Android\EShop\app\src\main\java\cosmapek\sensors\impl\IInterfaceTags.java,13,6,5,0,4,0,3,8,0,0
D:\Arquivos Jane\Dropbox\facom\TCC_MAPE_Android\EShop\app\src\main\java\cosmapek\sensors\impl\ISensorManagerFacade.java,62,45,32,6,14,0,3,8,0,0
D:\Arquivos Jane\Dropbox\facom\TCC_MAPE_Android\EShop\app\src\main\java\cosmapek\sensors\impl\ISensorUpdaterFacade.java,28,19,15,2,6,0,3,8,0,0
D:\Arquivos Jane\Dropbox\facom\TCC_MAPE_Android\EShop\app\src\main\java\cosmapek\sensors\impl\Manager.java,95,66,49,9,22,0,7,13,0,0
D:\Arquivos Jane\Dropbox\facom\TCC_MAPE_Android\EShop\app\src\main\java\cosmapek\sensors\prov\IManager.java,26,11,10,0,10,7,5,49,0,0
D:\Arquivos Jane\Dropbox\facom\TCC_MAPE_Android\EShop\app\src\main\java\cosmapek\sensors\prov\ISensorManager.java,28,15,14,0,13,0,0,0,0,0
D:\Arquivos Jane\Dropbox\facom\TCC_MAPE_Android\EShop\app\src\main\java\cosmapek\sensors\prov\ISensorUpdater.java,11,5,4,0,3,1,3,18,0,0
D:\Arquivos Jane\Dropbox\facom\TCC_MAPE_Android\EShop\app\src\main\java\cosmapek\variability\core\Variability.java,80,60,52,2,16,3,4,17,0,0
D:\Arquivos Jane\Dropbox\facom\TCC_MAPE_Android\EShop\app\src\main\java\cosmapek\variability\core\VariabilityFactory.java,17,10,7,2,4,0,3,8,0,0
D:\Arquivos Jane\Dropbox\facom\TCC_MAPE_Android\EShop\app\src\main\java\cosmapek\variability\core\fm2\Constraint.java,26,17,13,1,6,0,3,7,0,0
D:\Arquivos Jane\Dropbox\facom\TCC_MAPE_Android\EShop\app\src\main\java\cosmapek\variability\core\fm2\Feature.java,251,188,141,29,51,0,12,26,0,0
D:\Arquivos Jane\Dropbox\facom\TCC_MAPE_Android\EShop\app\src\main\java\cosmapek\variability\core\fm2\FeatureConnection.java,37,26,18,2,8,0,3,8,0,0
D:\Arquivos Jane\Dropbox\facom\TCC_MAPE_Android\EShop\app\src\main\java\cosmapek\variability\core\fm2\FeatureDependencies.java,232,131,93,27,24,0,77,321,20,146
D:\Arquivos Jane\Dropbox\facom\TCC_MAPE_Android\EShop\app\src\main\java\cosmapek\variability\core\fm2\FeatureModel.java,287,185,139,39,39,0,63,167,0,0
D:\Arquivos Jane\Dropbox\facom\TCC_MAPE_Android\EShop\app\src\main\java\cosmapek\variability\core\fm2\FeatureModelAnalyzer.java,55,39,30,6,9,0,7,22,0,0
D:\Arquivos Jane\Dropbox\facom\TCC_MAPE_Android\EShop\app\src\main\java\cosmapek\variability\core\fm2\FeatureStatus.java,31,4,2,0,2,0,25,166,20,146
D:\Arquivos Jane\Dropbox\facom\TCC_MAPE_Android\EShop\app\src\main\java\cosmapek\variability\core\fm2\FMPoint.java,46,15,11,2,6,0,25,169,20,146
D:\Arquivos Jane\Dropbox\facom\TCC_MAPE_Android\EShop\app\src\main\java\cosmapek\variability\core\fm2\IConstraint.java,13,6,5,0,4,0,3,7,0,0
D:\Arquivos Jane\Dropbox\facom\TCC_MAPE_Android\EShop\app\src\main\java\cosmapek\variability\core\fm2\IFeature.java,72,37,36,0,32,0,3,7,0,0
D:\Arquivos Jane\Dropbox\facom\TCC_MAPE_Android\EShop\app\src\main\java\cosmapek\variability\core\fm2\IFeatureConnection.java,9,4,3,0,2,0,3,8,0,0
D:\Arquivos Jane\Dropbox\facom\TCC_MAPE_Android\EShop\app\src\main\java\cosmapek\variability\core\fm2\IFeatureModel.java,44,23,22,0,18,0,3,7,0,0
D:\Arquivos Jane\Dropbox\facom\TCC_MAPE_Android\EShop\app\src\main\java\cosmapek\variability\core\fm2\IFeatureModelAnalyzer.java,13,6,5,0,4,0,3,7,0,0
D:\Arquivos Jane\Dropbox\facom\TCC_MAPE_Android\EShop\app\src\main\java\cosmapek\variability\core\fm2\IRenamingsManager.java,16,6,5,0,6,0,4,12,0,0
D:\Arquivos Jane\Dropbox\facom\TCC_MAPE_Android\EShop\app\src\main\java\cosmapek\variability\core\fm2\PropertyConstants.java,47,19,18,0,3,0,25,158,20,146
D:\Arquivos Jane\Dropbox\facom\TCC_MAPE_Android\EShop\app\src\main\java\cosmapek\variability\core\fm2\Renaming.java,45,15,11,2,7,0,23,154,20,146
D:\Arquivos Jane\Dropbox\facom\TCC_MAPE_Android\EShop\app\src\main\java\cosmapek\variability\core\fm2\RenamingsManager.java,68,29,20,8,8,0,31,85,0,0
D:\Arquivos Jane\Dropbox\facom\TCC_MAPE_Android\EShop\app\src\main\java\cosmapek\variability\core\fm2\editing\NodeCreator.java,594,459,294,180,40,3,95,468,20,146
D:\Arquivos Jane\Dropbox\facom\TCC_MAPE_Android\EShop\app\src\main\java\cosmapek\variability\core\fm2\io\AbstractFeatureModelReader.java,43,30,24,2,10,0,3,8,0,0
D:\Arquivos Jane\Dropbox\facom\TCC_MAPE_Android\EShop\app\src\main\java\cosmapek\variability\core\fm2\io\IFeatureModelReader.java,18,7,6,0,8,0,3,7,0,0
D:\Arquivos Jane\Dropbox\facom\TCC_MAPE_Android\EShop\app\src\main\java\cosmapek\variability\core\fm2\io\UnsupportedModelException.java,41,9,7,0,6,0,26,169,20,146
D:\Arquivos Jane\Dropbox\facom\TCC_MAPE_Android\EShop\app\src\main\java\cosmapek\variability\core\fm2\io\xml\PositionalXMLReader.java,110,73,56,5,11,1,26,181,20,146
D:\Arquivos Jane\Dropbox\facom\TCC_MAPE_Android\EShop\app\src\main\java\cosmapek\variability\core\fm2\io\xml\XmlFeatureModelReader.java,246,211,162,26,23,3,12,56,0,0
D:\Arquivos Jane\Dropbox\facom\TCC_MAPE_Android\EShop\app\src\main\java\cosmapek\variability\core\fm2\io\xml\XmlFeatureModelTags.java,36,28,27,0,5,0,3,8,0,0
D:\Arquivos Jane\Dropbox\facom\TCC_MAPE_Android\EShop\app\src\main\java\cosmapek\variability\core\prop4j\And.java,79,41,29,7,13,0,25,164,20,145
D:\Arquivos Jane\Dropbox\facom\TCC_MAPE_Android\EShop\app\src\main\java\cosmapek\variability\core\prop4j\AtLeast.java,59,23,17,4,10,0,26,169,20,145
D:\Arquivos Jane\Dropbox\facom\TCC_MAPE_Android\EShop\app\src\main\java\cosmapek\variability\core\prop4j\AtMost.java,59,23,17,4,10,0,26,169,20,145
D:\Arquivos Jane\Dropbox\facom\TCC_MAPE_Android\EShop\app\src\main\java\cosmapek\variability\core\prop4j\Choose.java,58,22,16,4,10,0,26,168,20,145
D:\Arquivos Jane\Dropbox\facom\TCC_MAPE_Android\EShop\app\src\main\java\cosmapek\variability\core\prop4j\Equals.java,49,17,11,4,7,0,25,166,20,145
D:\Arquivos Jane\Dropbox\facom\TCC_MAPE_Android\EShop\app\src\main\java\cosmapek\variability\core\prop4j\Implies.java,56,22,15,7,8,0,26,171,20,145
D:\Arquivos Jane\Dropbox\facom\TCC_MAPE_Android\EShop\app\src\main\java\cosmapek\variability\core\prop4j\Literal.java,75,33,23,6,14,0,28,174,20,145
D:\Arquivos Jane\Dropbox\facom\TCC_MAPE_Android\EShop\app\src\main\java\cosmapek\variability\core\prop4j\Node.java,307,218,150,67,39,2,50,319,20,145
D:\Arquivos Jane\Dropbox\facom\TCC_MAPE_Android\EShop\app\src\main\java\cosmapek\variability\core\prop4j\NodeReader.java,418,267,194,84,59,4,92,476,20,145
D:\Arquivos Jane\Dropbox\facom\TCC_MAPE_Android\EShop\app\src\main\java\cosmapek\variability\core\prop4j\NodeWriter.java,235,114,68,48,21,0,100,616,20,145
D:\Arquivos Jane\Dropbox\facom\TCC_MAPE_Android\EShop\app\src\main\java\cosmapek\variability\core\prop4j\Not.java,82,43,33,15,8,0,31,188,20,145
D:\Arquivos Jane\Dropbox\facom\TCC_MAPE_Android\EShop\app\src\main\java\cosmapek\variability\core\prop4j\Or.java,180,97,65,29,20,0,63,320,20,145
D:\Arquivos Jane\Dropbox\facom\TCC_MAPE_Android\EShop\app\src\main\java\cosmapek\variability\core\prop4j\SatSolver.java,575,407,302,104,60,9,108,737,20,145
D:\Arquivos Jane\Dropbox\facom\TCC_MAPE_Android\EShop\app\src\main\java\cosmapek\variability\impl\ComponentFactory.java,20,12,8,2,5,0,3,7,0,0
D:\Arquivos Jane\Dropbox\facom\TCC_MAPE_Android\EShop\app\src\main\java\cosmapek\variability\impl\IInterfaceTags.java,15,9,8,0,4,0,2,2,0,0
D:\Arquivos Jane\Dropbox\facom\TCC_MAPE_Android\EShop\app\src\main\java\cosmapek\variability\impl\IVariabilityManagerFacade.java,34,23,18,1,8,0,3,7,0,0
D:\Arquivos Jane\Dropbox\facom\TCC_MAPE_Android\EShop\app\src\main\java\cosmapek\variability\impl\Manager.java,99,71,54,9,22,0,6,10,0,0
D:\Arquivos Jane\Dropbox\facom\TCC_MAPE_Android\EShop\app\src\main\java\cosmapek\variability\prov\IManager.java,26,11,10,0,10,7,5,49,0,0
D:\Arquivos Jane\Dropbox\facom\TCC_MAPE_Android\EShop\app\src\main\java\cosmapek\variability\prov\IVariabilityManager.java,12,7,6,0,5,0,0,0,0,0
D:\Arquivos Jane\Dropbox\facom\TCC_MAPE_Android\EShop\app\src\main\java\cosmapek\variability\req\IComponentManager.java,9,5,4,0,4,0,0,0,0,0
D:\Arquivos Jane\Dropbox\facom\TCC_MAPE_Android\EShop\app\src\main\java\cosmapek\variability\req\IConnectorManager.java,9,5,4,0,4,0,0,0,0,0
D:\Arquivos Jane\Dropbox\facom\TCC_MAPE_Android\EShop\app\src\main\java\cosmapek\variability\req\IFeatureManager.java,11,5,4,0,3,0,3,8,0,0
D:\Arquivos Jane\Dropbox\facom\TCC_MAPE_Android\EShop\app\src\main\java\cosmapek\variability\req\ISensorManager.java,9,5,4,0,4,0,0,0,0,0
D:\Arquivos Jane\Dropbox\facom\TCC_MAPE_Android\EShop\app\src\main\java\creditCard\core\CreditCardM.java,64,34,25,4,12,0,18,61,0,0
D:\Arquivos Jane\Dropbox\facom\TCC_MAPE_Android\EShop\app\src\main\java\creditCard\core\CreditCardMFactory.java,18,10,7,2,3,0,5,15,0,0
D:\Arquivos Jane\Dropbox\facom\TCC_MAPE_Android\EShop\app\src\main\java\creditCard\impl\ComponentFactory.java,21,12,8,2,4,0,5,15,0,0
D:\Arquivos Jane\Dropbox\facom\TCC_MAPE_Android\EShop\app\src\main\java\creditCard\impl\ICreditCardManagerFacade.java,48,25,19,4,9,0,14,54,0,0
D:\Arquivos Jane\Dropbox\facom\TCC_MAPE_Android\EShop\app\src\main\java\creditCard\impl\IInterfaceTags.java,17,7,6,0,3,0,7,17,0,0
D:\Arquivos Jane\Dropbox\facom\TCC_MAPE_Android\EShop\app\src\main\java\creditCard\impl\Manager.java,104,68,51,9,28,0,8,18,0,0
D:\Arquivos Jane\Dropbox\facom\TCC_MAPE_Android\EShop\app\src\main\java\creditCard\prov\ICreditCardManager.java,21,7,6,0,2,0,12,65,0,0
D:\Arquivos Jane\Dropbox\facom\TCC_MAPE_Android\EShop\app\src\main\java\creditCard\prov\IManager.java,29,11,10,0,10,7,8,55,0,0
D:\Arquivos Jane\Dropbox\facom\TCC_MAPE_Android\EShop\app\src\main\java\creditCard\req\IMasterCardManager.java,20,5,4,0,3,0,12,66,0,0
D:\Arquivos Jane\Dropbox\facom\TCC_MAPE_Android\EShop\app\src\main\java\creditCard\req\IVisaManager.java,20,5,4,0,3,0,12,66,0,0
D:\Arquivos Jane\Dropbox\facom\TCC_MAPE_Android\EShop\app\src\main\java\eShop\App.java,446,313,271,2,69,1,64,150,0,0
D:\Arquivos Jane\Dropbox\facom\TCC_MAPE_Android\EShop\app\src\main\java\eShop\CarrinhoActivity.java,116,92,69,7,24,0,0,0,0,0
D:\Arquivos Jane\Dropbox\facom\TCC_MAPE_Android\EShop\app\src\main\java\eShop\IInterfaceTags.java,37,24,23,0,4,0,9,22,0,0
D:\Arquivos Jane\Dropbox\facom\TCC_MAPE_Android\EShop\app\src\main\java\eShop\MainActivity.java,92,53,45,3,15,0,24,58,0,0
D:\Arquivos Jane\Dropbox\facom\TCC_MAPE_Android\EShop\app\src\main\java\eShop\MapeKCosmosThread.java,59,36,30,0,14,1,9,31,0,0
D:\Arquivos Jane\Dropbox\facom\TCC_MAPE_Android\EShop\app\src\main\java\eShop\MapeKCosmosThreadFactory.java,24,16,11,3,3,0,5,15,0,0
D:\Arquivos Jane\Dropbox\facom\TCC_MAPE_Android\EShop\app\src\main\java\eShop\PagamentoActivity.java,228,193,143,16,34,0,1,3,0,0
D:\Arquivos Jane\Dropbox\facom\TCC_MAPE_Android\EShop\app\src\main\java\eShop\ProdutoActivity.java,125,100,77,9,25,0,0,0,0,0
D:\Arquivos Jane\Dropbox\facom\TCC_MAPE_Android\EShop\app\src\main\java\eShop\zCosmapek_Configurations\Android.java,29,10,8,0,6,0,13,29,0,0
D:\Arquivos Jane\Dropbox\facom\TCC_MAPE_Android\EShop\app\src\main\java\eShop\zCosmapek_Configurations\BankInvoice.java,33,11,9,0,9,0,13,29,0,0
D:\Arquivos Jane\Dropbox\facom\TCC_MAPE_Android\EShop\app\src\main\java\eShop\zCosmapek_Configurations\BankTransfer.java,33,11,9,0,9,0,13,29,0,0
D:\Arquivos Jane\Dropbox\facom\TCC_MAPE_Android\EShop\app\src\main\java\eShop\zCosmapek_Configurations\Catalogue.java,33,11,9,0,9,0,13,29,0,0
D:\Arquivos Jane\Dropbox\facom\TCC_MAPE_Android\EShop\app\src\main\java\eShop\zCosmapek_Configurations\Conn_Android_Controller.java,32,19,14,0,6,0,7,21,0,0
D:\Arquivos Jane\Dropbox\facom\TCC_MAPE_Android\EShop\app\src\main\java\eShop\zCosmapek_Configurations\Conn_BankInvoice_Payment.java,32,19,14,0,6,0,7,21,0,0
D:\Arquivos Jane\Dropbox\facom\TCC_MAPE_Android\EShop\app\src\main\java\eShop\zCosmapek_Configurations\Conn_BankTransfer_Payment.java,32,19,14,0,6,0,7,21,0,0
D:\Arquivos Jane\Dropbox\facom\TCC_MAPE_Android\EShop\app\src\main\java\eShop\zCosmapek_Configurations\Conn_Catalogue_Controller.java,32,19,14,0,6,0,7,21,0,0
D:\Arquivos Jane\Dropbox\facom\TCC_MAPE_Android\EShop\app\src\main\java\eShop\zCosmapek_Configurations\Conn_CreditCard_Payment.java,32,19,14,0,6,0,7,21,0,0
D:\Arquivos Jane\Dropbox\facom\TCC_MAPE_Android\EShop\app\src\main\java\eShop\zCosmapek_Configurations\Conn_Java_Controller.java,32,19,14,0,6,0,7,21,0,0
D:\Arquivos Jane\Dropbox\facom\TCC_MAPE_Android\EShop\app\src\main\java\eShop\zCosmapek_Configurations\Conn_MasterCardA_CreditCard.java,32,19,14,0,6,0,7,21,0,0
D:\Arquivos Jane\Dropbox\facom\TCC_MAPE_Android\EShop\app\src\main\java\eShop\zCosmapek_Configurations\Conn_MasterCardA_MasterCardASensor.java,32,19,14,0,6,0,7,21,0,0
D:\Arquivos Jane\Dropbox\facom\TCC_MAPE_Android\EShop\app\src\main\java\eShop\zCosmapek_Configurations\Conn_MasterCardB_CreditCard.java,32,19,14,0,6,0,7,21,0,0
D:\Arquivos Jane\Dropbox\facom\TCC_MAPE_Android\EShop\app\src\main\java\eShop\zCosmapek_Configurations\Conn_MasterCardB_MasterCardBSensor.java,32,19,14,0,6,0,7,21,0,0
D:\Arquivos Jane\Dropbox\facom\TCC_MAPE_Android\EShop\app\src\main\java\eShop\zCosmapek_Configurations\Conn_MoneyPayment_Payment.java,32,19,14,0,6,0,7,21,0,0
D:\Arquivos Jane\Dropbox\facom\TCC_MAPE_Android\EShop\app\src\main\java\eShop\zCosmapek_Configurations\Conn_Payment_Controller.java,32,19,14,0,6,0,7,21,0,0
D:\Arquivos Jane\Dropbox\facom\TCC_MAPE_Android\EShop\app\src\main\java\eShop\zCosmapek_Configurations\Conn_sensors_MasterCardASensor.java,30,18,14,0,5,0,7,21,0,0
D:\Arquivos Jane\Dropbox\facom\TCC_MAPE_Android\EShop\app\src\main\java\eShop\zCosmapek_Configurations\Conn_sensors_MasterCardBSensor.java,30,18,14,0,5,0,7,21,0,0
D:\Arquivos Jane\Dropbox\facom\TCC_MAPE_Android\EShop\app\src\main\java\eShop\zCosmapek_Configurations\Conn_sensors_VisaASensor.java,30,18,14,0,5,0,7,21,0,0
D:\Arquivos Jane\Dropbox\facom\TCC_MAPE_Android\EShop\app\src\main\java\eShop\zCosmapek_Configurations\Conn_sensors_VisaBSensor.java,30,18,14,0,5,0,7,21,0,0
D:\Arquivos Jane\Dropbox\facom\TCC_MAPE_Android\EShop\app\src\main\java\eShop\zCosmapek_Configurations\Conn_sensors_VisaCSensor.java,30,18,14,0,5,0,7,21,0,0
D:\Arquivos Jane\Dropbox\facom\TCC_MAPE_Android\EShop\app\src\main\java\eShop\zCosmapek_Configurations\Conn_VisaA_CreditCard.java,32,19,14,0,6,0,7,21,0,0
D:\Arquivos Jane\Dropbox\facom\TCC_MAPE_Android\EShop\app\src\main\java\eShop\zCosmapek_Configurations\Conn_VisaA_VisaASensor.java,32,19,14,0,6,0,7,21,0,0
D:\Arquivos Jane\Dropbox\facom\TCC_MAPE_Android\EShop\app\src\main\java\eShop\zCosmapek_Configurations\Conn_VisaB_CreditCard.java,32,19,14,0,6,0,7,21,0,0
D:\Arquivos Jane\Dropbox\facom\TCC_MAPE_Android\EShop\app\src\main\java\eShop\zCosmapek_Configurations\Conn_VisaB_VisaBSensor.java,32,19,14,0,6,0,7,21,0,0
D:\Arquivos Jane\Dropbox\facom\TCC_MAPE_Android\EShop\app\src\main\java\eShop\zCosmapek_Configurations\Conn_VisaC_CreditCard.java,32,19,14,0,6,0,7,21,0,0
D:\Arquivos Jane\Dropbox\facom\TCC_MAPE_Android\EShop\app\src\main\java\eShop\zCosmapek_Configurations\Conn_VisaC_VisaCSensor.java,32,19,14,0,6,0,7,21,0,0
D:\Arquivos Jane\Dropbox\facom\TCC_MAPE_Android\EShop\app\src\main\java\eShop\zCosmapek_Configurations\Controller.java,33,11,9,0,9,0,13,29,0,0
D:\Arquivos Jane\Dropbox\facom\TCC_MAPE_Android\EShop\app\src\main\java\eShop\zCosmapek_Configurations\CreditCard.java,33,11,9,0,9,0,13,29,0,0
D:\Arquivos Jane\Dropbox\facom\TCC_MAPE_Android\EShop\app\src\main\java\eShop\zCosmapek_Configurations\IInterfaceTags.java,42,26,25,0,6,0,10,27,0,0
D:\Arquivos Jane\Dropbox\facom\TCC_MAPE_Android\EShop\app\src\main\java\eShop\zCosmapek_Configurations\Java.java,32,11,9,0,8,0,13,29,0,0
D:\Arquivos Jane\Dropbox\facom\TCC_MAPE_Android\EShop\app\src\main\java\eShop\zCosmapek_Configurations\MasterCardA.java,33,11,9,0,9,0,13,29,0,0
D:\Arquivos Jane\Dropbox\facom\TCC_MAPE_Android\EShop\app\src\main\java\eShop\zCosmapek_Configurations\MasterCardASensor.java,36,19,15,1,4,0,13,32,0,0
D:\Arquivos Jane\Dropbox\facom\TCC_MAPE_Android\EShop\app\src\main\java\eShop\zCosmapek_Configurations\MasterCardB.java,33,11,9,0,9,0,13,29,0,0
D:\Arquivos Jane\Dropbox\facom\TCC_MAPE_Android\EShop\app\src\main\java\eShop\zCosmapek_Configurations\MasterCardBSensor.java,36,19,15,1,4,0,13,32,0,0
D:\Arquivos Jane\Dropbox\facom\TCC_MAPE_Android\EShop\app\src\main\java\eShop\zCosmapek_Configurations\MoneyPayment.java,33,11,9,0,9,0,13,29,0,0
D:\Arquivos Jane\Dropbox\facom\TCC_MAPE_Android\EShop\app\src\main\java\eShop\zCosmapek_Configurations\Payment.java,33,11,9,0,9,0,13,29,0,0
D:\Arquivos Jane\Dropbox\facom\TCC_MAPE_Android\EShop\app\src\main\java\eShop\zCosmapek_Configurations\VisaA.java,33,11,9,0,9,0,13,29,0,0
D:\Arquivos Jane\Dropbox\facom\TCC_MAPE_Android\EShop\app\src\main\java\eShop\zCosmapek_Configurations\VisaASensor.java,36,19,15,1,4,0,13,32,0,0
D:\Arquivos Jane\Dropbox\facom\TCC_MAPE_Android\EShop\app\src\main\java\eShop\zCosmapek_Configurations\VisaB.java,33,11,9,0,9,0,13,29,0,0
D:\Arquivos Jane\Dropbox\facom\TCC_MAPE_Android\EShop\app\src\main\java\eShop\zCosmapek_Configurations\VisaBSensor.java,36,19,15,1,4,0,13,32,0,0
D:\Arquivos Jane\Dropbox\facom\TCC_MAPE_Android\EShop\app\src\main\java\eShop\zCosmapek_Configurations\VisaC.java,33,11,9,0,9,0,13,29,0,0
D:\Arquivos Jane\Dropbox\facom\TCC_MAPE_Android\EShop\app\src\main\java\eShop\zCosmapek_Configurations\VisaCSensor.java,36,19,15,1,4,0,13,32,0,0
D:\Arquivos Jane\Dropbox\facom\TCC_MAPE_Android\EShop\app\src\main\java\eShop\zCosmapek_Sensors\IInterfaceTags.java,42,26,25,0,6,0,10,27,0,0
D:\Arquivos Jane\Dropbox\facom\TCC_MAPE_Android\EShop\app\src\main\java\eShop\zCosmapek_Sensors\MasterCardASensorThread.java,27,15,11,0,4,0,8,23,0,0
D:\Arquivos Jane\Dropbox\facom\TCC_MAPE_Android\EShop\app\src\main\java\eShop\zCosmapek_Sensors\MasterCardASensorThreadFactory.java,25,16,11,3,2,0,7,21,0,0
D:\Arquivos Jane\Dropbox\facom\TCC_MAPE_Android\EShop\app\src\main\java\eShop\zCosmapek_Sensors\MasterCardBSensorThread.java,27,15,11,0,4,0,8,23,0,0
D:\Arquivos Jane\Dropbox\facom\TCC_MAPE_Android\EShop\app\src\main\java\eShop\zCosmapek_Sensors\MasterCardBSensorThreadFactory.java,25,16,11,3,2,0,7,21,0,0
D:\Arquivos Jane\Dropbox\facom\TCC_MAPE_Android\EShop\app\src\main\java\eShop\zCosmapek_Sensors\VisaASensorThread.java,27,15,11,0,4,0,8,23,0,0
D:\Arquivos Jane\Dropbox\facom\TCC_MAPE_Android\EShop\app\src\main\java\eShop\zCosmapek_Sensors\VisaASensorThreadFactory.java,25,16,11,3,2,0,7,21,0,0
D:\Arquivos Jane\Dropbox\facom\TCC_MAPE_Android\EShop\app\src\main\java\eShop\zCosmapek_Sensors\VisaBSensorThread.java,27,15,11,0,4,0,8,23,0,0
D:\Arquivos Jane\Dropbox\facom\TCC_MAPE_Android\EShop\app\src\main\java\eShop\zCosmapek_Sensors\VisaBSensorThreadFactory.java,25,16,11,3,2,0,7,21,0,0
D:\Arquivos Jane\Dropbox\facom\TCC_MAPE_Android\EShop\app\src\main\java\eShop\zCosmapek_Sensors\VisaCSensorThread.java,27,15,11,0,4,0,8,23,0,0
D:\Arquivos Jane\Dropbox\facom\TCC_MAPE_Android\EShop\app\src\main\java\eShop\zCosmapek_Sensors\VisaCSensorThreadFactory.java,25,16,11,3,2,0,7,21,0,0
D:\Arquivos Jane\Dropbox\facom\TCC_MAPE_Android\EShop\app\src\main\java\javaGrafics\core\JavaM.java,38,10,7,0,10,0,18,61,0,0
D:\Arquivos Jane\Dropbox\facom\TCC_MAPE_Android\EShop\app\src\main\java\javaGrafics\core\JavaMFactory.java,18,10,7,2,3,0,5,15,0,0
D:\Arquivos Jane\Dropbox\facom\TCC_MAPE_Android\EShop\app\src\main\java\javaGrafics\impl\ComponentFactory.java,21,12,8,2,4,0,5,15,0,0
D:\Arquivos Jane\Dropbox\facom\TCC_MAPE_Android\EShop\app\src\main\java\javaGrafics\impl\IGUIManagerFacade.java,35,13,11,0,8,0,14,54,0,0
D:\Arquivos Jane\Dropbox\facom\TCC_MAPE_Android\EShop\app\src\main\java\javaGrafics\impl\IInterfaceTags.java,15,5,4,0,3,0,7,17,0,0
D:\Arquivos Jane\Dropbox\facom\TCC_MAPE_Android\EShop\app\src\main\java\javaGrafics\impl\Manager.java,99,64,47,9,27,0,8,18,0,0
D:\Arquivos Jane\Dropbox\facom\TCC_MAPE_Android\EShop\app\src\main\java\javaGrafics\prov\IGUIManager.java,18,3,2,0,3,0,12,65,0,0
D:\Arquivos Jane\Dropbox\facom\TCC_MAPE_Android\EShop\app\src\main\java\javaGrafics\prov\IManager.java,29,11,10,0,10,7,8,55,0,0
D:\Arquivos Jane\Dropbox\facom\TCC_MAPE_Android\EShop\app\src\main\java\masterCardA\core\MasterCardAM.java,132,75,65,6,30,0,27,101,0,0
D:\Arquivos Jane\Dropbox\facom\TCC_MAPE_Android\EShop\app\src\main\java\masterCardA\core\MasterCardAMFactory.java,18,10,7,2,3,0,5,15,0,0
D:\Arquivos Jane\Dropbox\facom\TCC_MAPE_Android\EShop\app\src\main\java\masterCardA\impl\ComponentFactory.java,21,12,8,2,4,0,5,15,0,0
D:\Arquivos Jane\Dropbox\facom\TCC_MAPE_Android\EShop\app\src\main\java\masterCardA\impl\IInterfaceTags.java,15,5,4,0,3,0,7,17,0,0
D:\Arquivos Jane\Dropbox\facom\TCC_MAPE_Android\EShop\app\src\main\java\masterCardA\impl\IMasterCardManagerFacade.java,41,19,15,2,8,0,14,54,0,0
D:\Arquivos Jane\Dropbox\facom\TCC_MAPE_Android\EShop\app\src\main\java\masterCardA\impl\Manager.java,99,64,47,9,27,0,8,18,0,0
D:\Arquivos Jane\Dropbox\facom\TCC_MAPE_Android\EShop\app\src\main\java\masterCardA\prov\IManager.java,29,11,10,0,10,7,8,55,0,0
D:\Arquivos Jane\Dropbox\facom\TCC_MAPE_Android\EShop\app\src\main\java\masterCardA\prov\IMasterCardManager.java,19,5,4,0,2,0,12,65,0,0
D:\Arquivos Jane\Dropbox\facom\TCC_MAPE_Android\EShop\app\src\main\java\masterCardASensor\core\SensorUpdaterM.java,130,73,61,4,27,0,30,251,0,0
D:\Arquivos Jane\Dropbox\facom\TCC_MAPE_Android\EShop\app\src\main\java\masterCardASensor\core\SensorUpdaterMFactory.java,21,10,7,2,3,0,8,39,0,0
D:\Arquivos Jane\Dropbox\facom\TCC_MAPE_Android\EShop\app\src\main\java\masterCardASensor\impl\ComponentFactory.java,21,12,8,2,4,0,5,15,0,0
D:\Arquivos Jane\Dropbox\facom\TCC_MAPE_Android\EShop\app\src\main\java\masterCardASensor\impl\IInterfaceTags.java,20,7,6,0,3,0,10,41,0,0
D:\Arquivos Jane\Dropbox\facom\TCC_MAPE_Android\EShop\app\src\main\java\masterCardASensor\impl\ISensorUpdaterManagerFacade.java,35,21,15,2,6,0,8,39,0,0
D:\Arquivos Jane\Dropbox\facom\TCC_MAPE_Android\EShop\app\src\main\java\masterCardASensor\impl\Manager.java,100,68,51,9,21,0,11,42,0,0
D:\Arquivos Jane\Dropbox\facom\TCC_MAPE_Android\EShop\app\src\main\java\masterCardASensor\prov\IManager.java,29,11,10,0,10,7,8,55,0,0
D:\Arquivos Jane\Dropbox\facom\TCC_MAPE_Android\EShop\app\src\main\java\masterCardASensor\prov\ISensorUpdaterManager.java,15,5,4,0,2,0,8,39,0,0
D:\Arquivos Jane\Dropbox\facom\TCC_MAPE_Android\EShop\app\src\main\java\masterCardASensor\req\IMasterCardManager.java,21,5,4,0,4,0,12,66,0,0
D:\Arquivos Jane\Dropbox\facom\TCC_MAPE_Android\EShop\app\src\main\java\masterCardASensor\req\ISensorUpdater.java,16,5,4,0,2,0,9,40,0,0
D:\Arquivos Jane\Dropbox\facom\TCC_MAPE_Android\EShop\app\src\main\java\masterCardB\core\MasterCardBM.java,134,84,65,6,27,0,23,102,0,0
D:\Arquivos Jane\Dropbox\facom\TCC_MAPE_Android\EShop\app\src\main\java\masterCardB\core\MasterCardBMFactory.java,18,10,7,2,3,0,5,15,0,0
D:\Arquivos Jane\Dropbox\facom\TCC_MAPE_Android\EShop\app\src\main\java\masterCardB\impl\ComponentFactory.java,21,12,8,2,4,0,5,15,0,0
D:\Arquivos Jane\Dropbox\facom\TCC_MAPE_Android\EShop\app\src\main\java\masterCardB\impl\IInterfaceTags.java,15,5,4,0,3,0,7,17,0,0
D:\Arquivos Jane\Dropbox\facom\TCC_MAPE_Android\EShop\app\src\main\java\masterCardB\impl\IMasterCardManagerFacade.java,41,19,15,2,8,0,14,54,0,0
D:\Arquivos Jane\Dropbox\facom\TCC_MAPE_Android\EShop\app\src\main\java\masterCardB\impl\Manager.java,99,64,47,9,27,0,8,18,0,0
D:\Arquivos Jane\Dropbox\facom\TCC_MAPE_Android\EShop\app\src\main\java\masterCardB\prov\IManager.java,29,11,10,0,10,7,8,55,0,0
D:\Arquivos Jane\Dropbox\facom\TCC_MAPE_Android\EShop\app\src\main\java\masterCardB\prov\IMasterCardManager.java,19,5,4,0,2,0,12,65,0,0
D:\Arquivos Jane\Dropbox\facom\TCC_MAPE_Android\EShop\app\src\main\java\masterCardBSensor\core\SensorUpdaterM.java,117,73,61,4,21,0,23,168,0,0
D:\Arquivos Jane\Dropbox\facom\TCC_MAPE_Android\EShop\app\src\main\java\masterCardBSensor\core\SensorUpdaterMFactory.java,21,10,7,2,3,0,8,39,0,0
D:\Arquivos Jane\Dropbox\facom\TCC_MAPE_Android\EShop\app\src\main\java\masterCardBSensor\impl\ComponentFactory.java,21,12,8,2,4,0,5,15,0,0
D:\Arquivos Jane\Dropbox\facom\TCC_MAPE_Android\EShop\app\src\main\java\masterCardBSensor\impl\IInterfaceTags.java,20,7,6,0,3,0,10,41,0,0
D:\Arquivos Jane\Dropbox\facom\TCC_MAPE_Android\EShop\app\src\main\java\masterCardBSensor\impl\ISensorUpdaterManagerFacade.java,35,21,15,2,6,0,8,39,0,0
D:\Arquivos Jane\Dropbox\facom\TCC_MAPE_Android\EShop\app\src\main\java\masterCardBSensor\impl\Manager.java,100,68,51,9,21,0,11,42,0,0
D:\Arquivos Jane\Dropbox\facom\TCC_MAPE_Android\EShop\app\src\main\java\masterCardBSensor\prov\IManager.java,29,11,10,0,10,7,8,55,0,0
D:\Arquivos Jane\Dropbox\facom\TCC_MAPE_Android\EShop\app\src\main\java\masterCardBSensor\prov\ISensorUpdaterManager.java,15,5,4,0,2,0,8,39,0,0
D:\Arquivos Jane\Dropbox\facom\TCC_MAPE_Android\EShop\app\src\main\java\masterCardBSensor\req\IMasterCardManager.java,21,5,4,0,4,0,12,66,0,0
D:\Arquivos Jane\Dropbox\facom\TCC_MAPE_Android\EShop\app\src\main\java\masterCardBSensor\req\ISensorUpdater.java,16,5,4,0,2,0,9,40,0,0
D:\Arquivos Jane\Dropbox\facom\TCC_MAPE_Android\EShop\app\src\main\java\moneyPayment\core\MoneyPaymentM.java,45,17,12,2,10,0,18,61,0,0
D:\Arquivos Jane\Dropbox\facom\TCC_MAPE_Android\EShop\app\src\main\java\moneyPayment\core\MoneyPaymentMFactory.java,18,10,7,2,3,0,5,15,0,0
D:\Arquivos Jane\Dropbox\facom\TCC_MAPE_Android\EShop\app\src\main\java\moneyPayment\impl\ComponentFactory.java,21,12,8,2,4,0,5,15,0,0
D:\Arquivos Jane\Dropbox\facom\TCC_MAPE_Android\EShop\app\src\main\java\moneyPayment\impl\IInterfaceTags.java,15,5,4,0,3,0,7,17,0,0
D:\Arquivos Jane\Dropbox\facom\TCC_MAPE_Android\EShop\app\src\main\java\moneyPayment\impl\IMoneyPaymentManagerFacade.java,43,19,15,2,10,0,14,54,0,0
D:\Arquivos Jane\Dropbox\facom\TCC_MAPE_Android\EShop\app\src\main\java\moneyPayment\impl\Manager.java,99,64,47,9,27,0,8,18,0,0
D:\Arquivos Jane\Dropbox\facom\TCC_MAPE_Android\EShop\app\src\main\java\moneyPayment\prov\IManager.java,29,11,10,0,10,7,8,55,0,0
D:\Arquivos Jane\Dropbox\facom\TCC_MAPE_Android\EShop\app\src\main\java\moneyPayment\prov\IMoneyPaymentManager.java,20,5,4,0,3,0,12,65,0,0
D:\Arquivos Jane\Dropbox\facom\TCC_MAPE_Android\EShop\app\src\main\java\payment\core\PaymentM.java,92,59,43,9,15,0,18,61,0,0
D:\Arquivos Jane\Dropbox\facom\TCC_MAPE_Android\EShop\app\src\main\java\payment\core\PaymentMFactory.java,18,10,7,2,3,0,5,15,0,0
D:\Arquivos Jane\Dropbox\facom\TCC_MAPE_Android\EShop\app\src\main\java\payment\impl\ComponentFactory.java,21,12,8,2,4,0,5,15,0,0
D:\Arquivos Jane\Dropbox\facom\TCC_MAPE_Android\EShop\app\src\main\java\payment\impl\IInterfaceTags.java,19,9,8,0,3,0,7,17,0,0
D:\Arquivos Jane\Dropbox\facom\TCC_MAPE_Android\EShop\app\src\main\java\payment\impl\IPaymentManagerFacade.java,56,34,25,7,8,0,14,54,0,0
D:\Arquivos Jane\Dropbox\facom\TCC_MAPE_Android\EShop\app\src\main\java\payment\impl\Manager.java,108,72,55,9,28,0,8,18,0,0
D:\Arquivos Jane\Dropbox\facom\TCC_MAPE_Android\EShop\app\src\main\java\payment\prov\IManager.java,29,11,10,0,10,7,8,55,0,0
D:\Arquivos Jane\Dropbox\facom\TCC_MAPE_Android\EShop\app\src\main\java\payment\prov\IPaymentManager.java,27,10,9,0,5,0,12,65,0,0
D:\Arquivos Jane\Dropbox\facom\TCC_MAPE_Android\EShop\app\src\main\java\payment\req\IBankInvoiceManager.java,20,4,3,0,4,0,12,66,0,0
D:\Arquivos Jane\Dropbox\facom\TCC_MAPE_Android\EShop\app\src\main\java\payment\req\IBankTransferManager.java,20,4,3,0,4,0,12,66,0,0
D:\Arquivos Jane\Dropbox\facom\TCC_MAPE_Android\EShop\app\src\main\java\payment\req\ICreditCardManager.java,23,7,6,0,4,0,12,66,0,0
D:\Arquivos Jane\Dropbox\facom\TCC_MAPE_Android\EShop\app\src\main\java\payment\req\IMoneyPaymentManager.java,21,5,4,0,4,0,12,66,0,0
D:\Arquivos Jane\Dropbox\facom\TCC_MAPE_Android\EShop\app\src\main\java\utils\ActivityController.java,32,22,13,2,7,0,3,8,0,0
D:\Arquivos Jane\Dropbox\facom\TCC_MAPE_Android\EShop\app\src\main\java\utils\ActivityControllerFactory.java,15,9,6,2,3,0,3,8,0,0
D:\Arquivos Jane\Dropbox\facom\TCC_MAPE_Android\EShop\app\src\main\java\utils\BankTransfer.java,54,30,23,5,19,0,5,15,0,0
D:\Arquivos Jane\Dropbox\facom\TCC_MAPE_Android\EShop\app\src\main\java\utils\Carrinho.java,59,41,28,7,15,0,3,8,0,0
D:\Arquivos Jane\Dropbox\facom\TCC_MAPE_Android\EShop\app\src\main\java\utils\IActivityController.java,16,8,7,0,5,0,3,7,0,0
D:\Arquivos Jane\Dropbox\facom\TCC_MAPE_Android\EShop\app\src\main\java\utils\ItemCarrinho.java,27,18,13,2,6,0,3,8,0,0
D:\Arquivos Jane\Dropbox\facom\TCC_MAPE_Android\EShop\app\src\main\java\utils\Produto.java,57,49,33,9,8,0,0,0,0,0
D:\Arquivos Jane\Dropbox\facom\TCC_MAPE_Android\EShop\app\src\main\java\visaA\core\VisaAM.java,127,75,65,6,25,0,27,101,0,0
D:\Arquivos Jane\Dropbox\facom\TCC_MAPE_Android\EShop\app\src\main\java\visaA\core\VisaAMFactory.java,18,10,7,2,3,0,5,15,0,0
D:\Arquivos Jane\Dropbox\facom\TCC_MAPE_Android\EShop\app\src\main\java\visaA\impl\ComponentFactory.java,21,12,8,2,4,0,5,15,0,0
D:\Arquivos Jane\Dropbox\facom\TCC_MAPE_Android\EShop\app\src\main\java\visaA\impl\IInterfaceTags.java,15,5,4,0,3,0,7,17,0,0
D:\Arquivos Jane\Dropbox\facom\TCC_MAPE_Android\EShop\app\src\main\java\visaA\impl\IVisaManagerFacade.java,41,19,15,2,8,0,14,54,0,0
D:\Arquivos Jane\Dropbox\facom\TCC_MAPE_Android\EShop\app\src\main\java\visaA\impl\Manager.java,99,64,47,9,27,0,8,18,0,0
D:\Arquivos Jane\Dropbox\facom\TCC_MAPE_Android\EShop\app\src\main\java\visaA\prov\IManager.java,29,11,10,0,10,7,8,55,0,0
D:\Arquivos Jane\Dropbox\facom\TCC_MAPE_Android\EShop\app\src\main\java\visaA\prov\IVisaManager.java,20,5,4,0,3,0,12,65,0,0
D:\Arquivos Jane\Dropbox\facom\TCC_MAPE_Android\EShop\app\src\main\java\visaASensor\core\SensorUpdaterM.java,124,74,62,4,20,0,30,248,0,0
D:\Arquivos Jane\Dropbox\facom\TCC_MAPE_Android\EShop\app\src\main\java\visaASensor\core\SensorUpdaterMFactory.java,21,10,7,2,3,0,8,39,0,0
D:\Arquivos Jane\Dropbox\facom\TCC_MAPE_Android\EShop\app\src\main\java\visaASensor\impl\ComponentFactory.java,21,12,8,2,4,0,5,15,0,0
D:\Arquivos Jane\Dropbox\facom\TCC_MAPE_Android\EShop\app\src\main\java\visaASensor\impl\IInterfaceTags.java,20,7,6,0,3,0,10,41,0,0
D:\Arquivos Jane\Dropbox\facom\TCC_MAPE_Android\EShop\app\src\main\java\visaASensor\impl\ISensorUpdaterManagerFacade.java,35,21,15,2,6,0,8,39,0,0
D:\Arquivos Jane\Dropbox\facom\TCC_MAPE_Android\EShop\app\src\main\java\visaASensor\impl\Manager.java,100,68,51,9,21,0,11,42,0,0
D:\Arquivos Jane\Dropbox\facom\TCC_MAPE_Android\EShop\app\src\main\java\visaASensor\prov\IManager.java,29,11,10,0,10,7,8,55,0,0
D:\Arquivos Jane\Dropbox\facom\TCC_MAPE_Android\EShop\app\src\main\java\visaASensor\prov\ISensorUpdaterManager.java,15,5,4,0,2,0,8,39,0,0
D:\Arquivos Jane\Dropbox\facom\TCC_MAPE_Android\EShop\app\src\main\java\visaASensor\req\ISensorUpdater.java,16,5,4,0,2,0,9,40,0,0
D:\Arquivos Jane\Dropbox\facom\TCC_MAPE_Android\EShop\app\src\main\java\visaASensor\req\IVisaManager.java,20,5,4,0,3,0,12,66,0,0
D:\Arquivos Jane\Dropbox\facom\TCC_MAPE_Android\EShop\app\src\main\java\visaB\core\VisaBM.java,130,75,65,6,28,0,27,101,0,0
D:\Arquivos Jane\Dropbox\facom\TCC_MAPE_Android\EShop\app\src\main\java\visaB\core\VisaBMFactory.java,18,10,7,2,3,0,5,15,0,0
D:\Arquivos Jane\Dropbox\facom\TCC_MAPE_Android\EShop\app\src\main\java\visaB\impl\ComponentFactory.java,21,12,8,2,4,0,5,15,0,0
D:\Arquivos Jane\Dropbox\facom\TCC_MAPE_Android\EShop\app\src\main\java\visaB\impl\IInterfaceTags.java,15,5,4,0,3,0,7,17,0,0
D:\Arquivos Jane\Dropbox\facom\TCC_MAPE_Android\EShop\app\src\main\java\visaB\impl\IVisaManagerFacade.java,41,19,15,2,8,0,14,54,0,0
D:\Arquivos Jane\Dropbox\facom\TCC_MAPE_Android\EShop\app\src\main\java\visaB\impl\Manager.java,99,64,47,9,27,0,8,18,0,0
D:\Arquivos Jane\Dropbox\facom\TCC_MAPE_Android\EShop\app\src\main\java\visaB\prov\IManager.java,29,11,10,0,10,7,8,55,0,0
D:\Arquivos Jane\Dropbox\facom\TCC_MAPE_Android\EShop\app\src\main\java\visaB\prov\IVisaManager.java,19,5,4,0,2,0,12,65,0,0
D:\Arquivos Jane\Dropbox\facom\TCC_MAPE_Android\EShop\app\src\main\java\visaBSensor\core\SensorUpdaterM.java,122,73,61,4,19,0,30,249,0,0
D:\Arquivos Jane\Dropbox\facom\TCC_MAPE_Android\EShop\app\src\main\java\visaBSensor\core\SensorUpdaterMFactory.java,21,10,7,2,3,0,8,39,0,0
D:\Arquivos Jane\Dropbox\facom\TCC_MAPE_Android\EShop\app\src\main\java\visaBSensor\impl\ComponentFactory.java,21,12,8,2,4,0,5,15,0,0
D:\Arquivos Jane\Dropbox\facom\TCC_MAPE_Android\EShop\app\src\main\java\visaBSensor\impl\IInterfaceTags.java,20,7,6,0,3,0,10,41,0,0
D:\Arquivos Jane\Dropbox\facom\TCC_MAPE_Android\EShop\app\src\main\java\visaBSensor\impl\ISensorUpdaterManagerFacade.java,35,21,15,2,6,0,8,39,0,0
D:\Arquivos Jane\Dropbox\facom\TCC_MAPE_Android\EShop\app\src\main\java\visaBSensor\impl\Manager.java,100,68,51,9,21,0,11,42,0,0
D:\Arquivos Jane\Dropbox\facom\TCC_MAPE_Android\EShop\app\src\main\java\visaBSensor\prov\IManager.java,29,11,10,0,10,7,8,55,0,0
D:\Arquivos Jane\Dropbox\facom\TCC_MAPE_Android\EShop\app\src\main\java\visaBSensor\prov\ISensorUpdaterManager.java,15,5,4,0,2,0,8,39,0,0
D:\Arquivos Jane\Dropbox\facom\TCC_MAPE_Android\EShop\app\src\main\java\visaBSensor\req\ISensorUpdater.java,16,5,4,0,2,0,9,40,0,0
D:\Arquivos Jane\Dropbox\facom\TCC_MAPE_Android\EShop\app\src\main\java\visaBSensor\req\IVisaManager.java,20,5,4,0,3,0,12,66,0,0
D:\Arquivos Jane\Dropbox\facom\TCC_MAPE_Android\EShop\app\src\main\java\visaC\core\VisaCM.java,129,75,65,6,27,0,27,101,0,0
D:\Arquivos Jane\Dropbox\facom\TCC_MAPE_Android\EShop\app\src\main\java\visaC\core\VisaCMFactory.java,18,10,7,2,3,0,5,15,0,0
D:\Arquivos Jane\Dropbox\facom\TCC_MAPE_Android\EShop\app\src\main\java\visaC\impl\ComponentFactory.java,21,12,8,2,4,0,5,15,0,0
D:\Arquivos Jane\Dropbox\facom\TCC_MAPE_Android\EShop\app\src\main\java\visaC\impl\IInterfaceTags.java,15,5,4,0,3,0,7,17,0,0
D:\Arquivos Jane\Dropbox\facom\TCC_MAPE_Android\EShop\app\src\main\java\visaC\impl\IVisaManagerFacade.java,41,19,15,2,8,0,14,54,0,0
D:\Arquivos Jane\Dropbox\facom\TCC_MAPE_Android\EShop\app\src\main\java\visaC\impl\Manager.java,99,64,47,9,27,0,8,18,0,0
D:\Arquivos Jane\Dropbox\facom\TCC_MAPE_Android\EShop\app\src\main\java\visaC\prov\IManager.java,29,11,10,0,10,7,8,55,0,0
D:\Arquivos Jane\Dropbox\facom\TCC_MAPE_Android\EShop\app\src\main\java\visaC\prov\IVisaManager.java,19,5,4,0,2,0,12,65,0,0
D:\Arquivos Jane\Dropbox\facom\TCC_MAPE_Android\EShop\app\src\main\java\visaCSensor\core\SensorUpdaterM.java,123,74,62,4,19,0,30,252,0,0
D:\Arquivos Jane\Dropbox\facom\TCC_MAPE_Android\EShop\app\src\main\java\visaCSensor\core\SensorUpdaterMFactory.java,21,10,7,2,3,0,8,39,0,0
D:\Arquivos Jane\Dropbox\facom\TCC_MAPE_Android\EShop\app\src\main\java\visaCSensor\impl\ComponentFactory.java,21,12,8,2,4,0,5,15,0,0
D:\Arquivos Jane\Dropbox\facom\TCC_MAPE_Android\EShop\app\src\main\java\visaCSensor\impl\IInterfaceTags.java,20,7,6,0,3,0,10,41,0,0
D:\Arquivos Jane\Dropbox\facom\TCC_MAPE_Android\EShop\app\src\main\java\visaCSensor\impl\ISensorUpdaterManagerFacade.java,35,21,15,2,6,0,8,39,0,0
D:\Arquivos Jane\Dropbox\facom\TCC_MAPE_Android\EShop\app\src\main\java\visaCSensor\impl\Manager.java,100,68,51,9,21,0,11,42,0,0
D:\Arquivos Jane\Dropbox\facom\TCC_MAPE_Android\EShop\app\src\main\java\visaCSensor\prov\IManager.java,29,11,10,0,10,7,8,55,0,0
D:\Arquivos Jane\Dropbox\facom\TCC_MAPE_Android\EShop\app\src\main\java\visaCSensor\prov\ISensorUpdaterManager.java,15,5,4,0,2,0,8,39,0,0
D:\Arquivos Jane\Dropbox\facom\TCC_MAPE_Android\EShop\app\src\main\java\visaCSensor\req\ISensorUpdater.java,16,5,4,0,2,0,9,40,0,0
D:\Arquivos Jane\Dropbox\facom\TCC_MAPE_Android\EShop\app\src\main\java\visaCSensor\req\IVisaManager.java,20,5,4,0,3,0,12,66,0,0
